phase,scene_id,k,method,initializer_seconds,method_seconds,core_seconds,termination,expanded,graph_goal,validated_fallback,plan_files_json,screen_calls,generated_actions,atomic_equivalent_work,peak_open,peak_ancestry,peak_pareto_records,heuristic_evictions,dominance_pruned,repeat_pruned,segment_pruned,reachability_pruned,objective_pruned,fallback_retained,first_Q2_s,first_Q3_pass_s,screen_seconds,process_peak_bytes
TRANSFER,H00,1,F,0.010278373956680298,0.0,0.010278373956680298,queue_exhausted,97,False,False,[],0,,,,,,,,,,,,,,,,
TRANSFER,H00,1,A,0.010278373956680298,161.24881464242935,161.25909301638603,retained_record_budget,38448,True,False,"[""results/e11_mechanism_placement_transfer_v1/selected_plan_witnesses/b5f132e945eca027e7bfe1264f0f9fd9db24ef8646752bc75bc9eb24f9ed46dc.npz"", ""results/e11_mechanism_placement_transfer_v1/selected_plan_witnesses/db27ebd31ffa0eaf77d32438d546b801702c8fd0bd4dbe933e9b485f81d8d13a.npz""]",4,423622,423622,125,30004,29966,12627,58319,131469,181083,0,0,False,0.138496033847332,15.806280694901943,59.60902025550604,2935328768
TRANSFER,H00,1,P,0.010278373956680298,63.066381990909576,63.07666036486626,greedy_exhausted,781,True,False,"[""results/e11_mechanism_placement_transfer_v1/selected_plan_witnesses/96e90a83de462de8e1a99df58d4a205a4dcf901e1dcea2a007d45e2e10ec388b.npz"", ""results/e11_mechanism_placement_transfer_v1/selected_plan_witnesses/ed563cd95993ff2650f0c0b71c5b4ab35e162aab2ed880958bf73dbffe090565.npz""]",4,7945,7945,11,11,781,0,529,153,2860,0,0,False,0.8576631024479866,17.634661227464676,61.85127520561218,2164027392
TRANSFER,H00,2,F,0.1621382161974907,0.0,0.1621382161974907,queue_exhausted,1923,False,False,[],0,,,,,,,,,,,,,,,,
TRANSFER,H00,2,P,0.1621382161974907,65.32169717550278,65.48383539170027,greedy_exhausted,1348,True,False,"[""results/e11_mechanism_placement_transfer_v1/selected_plan_witnesses/885c68f071af8d739ca7f782e4f173f3661a12a0e0dbe5cd33d8a8646e158095.npz"", ""results/e11_mechanism_placement_transfer_v1/selected_plan_witnesses/6d09827bc9d9d1818a381940f479f8e804e3f7348915d5d4f64730359e61cce5.npz""]",4,13730,13730,20,20,1348,0,680,300,4073,591,0,False,3.1542234793305397,19.27744922041893,61.3533284291625,2179985408
TRANSFER,H00,2,A,0.1621382161974907,247.80589804053307,247.96803625673056,retained_record_budget,40043,True,False,"[""results/e11_mechanism_placement_transfer_v1/selected_plan_witnesses/b5f132e945eca027e7bfe1264f0f9fd9db24ef8646752bc75bc9eb24f9ed46dc.npz"", ""results/e11_mechanism_placement_transfer_v1/selected_plan_witnesses/db27ebd31ffa0eaf77d32438d546b801702c8fd0bd4dbe933e9b485f81d8d13a.npz""]",4,381013,381013,395,30001,29670,62653,57516,147658,70381,5008,0,False,0.48490963876247406,15.99251701682806,60.777405969798565,2949074944
TRANSFER,H01,1,F,0.017911121249198914,0.0,0.017911121249198914,queue_exhausted,196,True,True,"[""results/e11_mechanism_placement_transfer_v1/selected_plan_witnesses/b7a23bb6618850fc11c2e63ebb0be8ce42d25821c688831aa19495e1d8e2442c.npz""]",0,,,,,,,,,,,,,,,,
TRANSFER,H01,1,A,0.017911121249198914,125.11456118524075,125.13247230648994,retained_record_budget,35148,True,True,"[""results/e11_mechanism_placement_transfer_v1/selected_plan_witnesses/9636d389ebd4cd2cd5e1ecccd662d10d1786017184a0d88a52f607e4e2981eed.npz"", ""results/e11_mechanism_placement_transfer_v1/selected_plan_witnesses/da8328d2f796257b0835f8ac180a092106f320e2a03165acdb2b7b46e52be903.npz""]",4,402161,402161,123,30000,29998,312,32350,634,147058,0,186000,True,65.03060472011566,79.6460337266326,57.82227595150471,2896769024
TRANSFER,H01,1,P,0.017911121249198914,1.3517422303557396,1.3696533516049385,greedy_exhausted,1172,False,True,[],0,11113,11113,23,23,1172,0,179,161,3282,0,396,True,,,0.0,2356535296
TRANSFER,H01,2,F,0.05299670249223709,0.0,0.05299670249223709,queue_exhausted,196,True,True,"[""results/e11_mechanism_placement_transfer_v1/selected_plan_witnesses/b7a23bb6618850fc11c2e63ebb0be8ce42d25821c688831aa19495e1d8e2442c.npz""]",0,,,,,,,,,,,,,,,,
TRANSFER,H01,2,P,0.05299670249223709,2.7663732320070267,2.8193699344992638,greedy_exhausted,1172,False,True,[],0,11113,11113,23,23,1172,0,179,215,0,0,3624,True,,,0.0,2554597376
TRANSFER,H01,2,A,0.05299670249223709,129.29884023219347,129.3518369346857,retained_record_budget,35148,True,True,"[""results/e11_mechanism_placement_transfer_v1/selected_plan_witnesses/9636d389ebd4cd2cd5e1ecccd662d10d1786017184a0d88a52f607e4e2981eed.npz"", ""results/e11_mechanism_placement_transfer_v1/selected_plan_witnesses/da8328d2f796257b0835f8ac180a092106f320e2a03165acdb2b7b46e52be903.npz""]",4,402161,402161,123,30000,29998,312,32350,634,0,0,333058,True,69.50598073005676,84.00386102497578,57.518231958150864,2874351616
TRANSFER,H02,1,F,0.010010011494159698,0.0,0.010010011494159698,queue_exhausted,97,False,False,[],0,,,,,,,,,,,,,,,,
TRANSFER,H02,1,A,0.010010011494159698,145.96829058229923,145.9783005937934,retained_record_budget,38007,True,False,"[""results/e11_mechanism_placement_transfer_v1/selected_plan_witnesses/70ed32953911fa8f273284c3612649292869ead35778d0750bf855641abd7f6f.npz"", ""results/e11_mechanism_placement_transfer_v1/selected_plan_witnesses/93ed9c01ebceeb6b90931f7ed2974ddb86745e7465a71f17f8fa1751d81e082e.npz""]",4,371050,371050,121,30003,29953,8692,58936,135635,128051,0,0,False,0.1379784718155861,14.948186166584492,58.82249007374048,2774638592
TRANSFER,H02,1,P,0.010010011494159698,60.219279795885086,60.229289807379246,greedy_exhausted,780,True,False,"[""results/e11_mechanism_placement_transfer_v1/selected_plan_witnesses/2e856981affabcb96b886e5c22bb0d5493d6e82ec67fc0a371d4128c5169d47a.npz"", ""results/e11_mechanism_placement_transfer_v1/selected_plan_witnesses/3e7c1098abf406ffc6de845835001fff9d7c3393ce7756848b90cd9cb5cb2cc4.npz""]",4,7097,7097,11,11,780,0,541,131,2057,0,0,False,0.7072899639606476,15.693608120083809,59.17415218055248,2570092544
TRANSFER,H02,2,F,0.04958505928516388,0.0,0.04958505928516388,queue_exhausted,550,True,True,"[""results/e11_mechanism_placement_transfer_v1/selected_plan_witnesses/6ed3f14a67015f615eddc272668a7ebdb404d257a279c1d742e049942eff7c4d.npz""]",0,,,,,,,,,,,,,,,,
TRANSFER,H02,2,P,0.04958505928516388,62.84187079966068,62.89145585894585,greedy_exhausted,892,True,True,"[""results/e11_mechanism_placement_transfer_v1/selected_plan_witnesses/9c8bdacbcf50126599325742cceb88e97d3653597deac7d272898e72542dde36.npz"", ""results/e11_mechanism_placement_transfer_v1/selected_plan_witnesses/5f2feb537cc87dd85762c8085ff2f4e14e1fe33118512e101bc59d68dc612905.npz""]",4,8159,8159,14,14,892,0,517,178,1340,945,9,True,3.228725992143154,18.048680640757084,58.9290147125721,2616459264
TRANSFER,H02,2,A,0.04958505928516388,188.33239628374577,188.38198134303093,retained_record_budget,39911,True,True,"[""results/e11_mechanism_placement_transfer_v1/selected_plan_witnesses/70ed32953911fa8f273284c3612649292869ead35778d0750bf855641abd7f6f.npz"", ""results/e11_mechanism_placement_transfer_v1/selected_plan_witnesses/93ed9c01ebceeb6b90931f7ed2974ddb86745e7465a71f17f8fa1751d81e082e.npz""]",4,376829,376829,213,30003,29777,23362,64625,161514,61352,915,23301,True,0.3481375426054001,15.43794471770525,59.29831347614527,2783105024
TRANSFER,H03,1,F,0.019038580358028412,0.0,0.019038580358028412,queue_exhausted,196,True,True,"[""results/e11_mechanism_placement_transfer_v1/selected_plan_witnesses/225be71a0099a06a93ce9a189d4a437a16baaaaca57a9a9c28a979d774d1c220.npz""]",0,,,,,,,,,,,,,,,,
TRANSFER,H03,1,A,0.019038580358028412,64.40392383933067,64.4229624196887,retained_record_budget,36396,False,True,[],0,455847,455847,76,30000,29996,40,29668,0,188724,0,200810,True,,,0.0,2919383040
TRANSFER,H03,1,P,0.019038580358028412,1.4697780087590218,1.4888165891170502,greedy_exhausted,1190,False,True,[],0,11894,11894,23,23,1190,0,242,161,3937,0,315,True,,,0.0,2776506368
TRANSFER,H03,2,F,0.05258938670158386,0.0,0.05258938670158386,queue_exhausted,196,True,True,"[""results/e11_mechanism_placement_transfer_v1/selected_plan_witnesses/225be71a0099a06a93ce9a189d4a437a16baaaaca57a9a9c28a979d774d1c220.npz""]",0,,,,,,,,,,,,,,,,
TRANSFER,H03,2,P,0.05258938670158386,3.1148198395967484,3.167409226298332,greedy_exhausted,1190,False,True,[],0,11894,11894,23,23,1190,0,242,221,0,0,4192,True,,,0.0,2778574848
TRANSFER,H03,2,A,0.05258938670158386,69.63467863947153,69.68726802617311,retained_record_budget,36396,False,True,[],0,455847,455847,76,30000,29996,40,29668,0,0,0,389534,True,,,0.0,2919198720
TRANSFER,H04,1,F,0.009355530142784119,0.0,0.009355530142784119,queue_exhausted,90,False,False,[],0,,,,,,,,,,,,,,,,
TRANSFER,H04,1,A,0.009355530142784119,157.2660413980484,157.27539692819118,retained_record_budget,38171,True,False,"[""results/e11_mechanism_placement_transfer_v1/selected_plan_witnesses/f3cdfef7182abe2c74784e94d975879c5b5283f0326678cf9189cfac5f9249f4.npz"", ""results/e11_mechanism_placement_transfer_v1/selected_plan_witnesses/c5da789ddfed870807705bc7caf58a25813b65465e867d1ff5b2d99ef13b2b59.npz""]",4,372903,372903,117,30000,29972,9943,61879,132633,128304,0,0,False,0.10541360825300217,14.897613011300564,58.20465113222599,2936500224
TRANSFER,H04,1,P,0.009355530142784119,59.477332547307014,59.4866880774498,greedy_exhausted,634,True,False,"[""results/e11_mechanism_placement_transfer_v1/selected_plan_witnesses/f3cdfef7182abe2c74784e94d975879c5b5283f0326678cf9189cfac5f9249f4.npz"", ""results/e11_mechanism_placement_transfer_v1/selected_plan_witnesses/c5da789ddfed870807705bc7caf58a25813b65465e867d1ff5b2d99ef13b2b59.npz""]",4,5838,5838,10,10,634,0,182,109,1918,0,0,False,0.781807005405426,15.508586578071117,58.447190418839455,2756870144
TRANSFER,H04,2,F,0.06716423481702805,0.0,0.06716423481702805,queue_exhausted,797,False,False,[],0,,,,,,,,,,,,,,,,
TRANSFER,H04,2,P,0.06716423481702805,77.58901400864124,77.65617824345827,greedy_exhausted,661,True,False,"[""results/e11_mechanism_placement_transfer_v1/selected_plan_witnesses/f3cdfef7182abe2c74784e94d975879c5b5283f0326678cf9189cfac5f9249f4.npz"", ""results/e11_mechanism_placement_transfer_v1/selected_plan_witnesses/c5da789ddfed870807705bc7caf58a25813b65465e867d1ff5b2d99ef13b2b59.npz""]",4,6221,6221,12,12,661,0,31,73,624,992,0,False,2.8316775485873222,17.66102211922407,74.2472757473588,2822705152
TRANSFER,H04,2,A,0.06716423481702805,215.57267056405544,215.63983479887247,retained_record_budget,34197,True,False,"[""results/e11_mechanism_placement_transfer_v1/selected_plan_witnesses/f3cdfef7182abe2c74784e94d975879c5b5283f0326678cf9189cfac5f9249f4.npz"", ""results/e11_mechanism_placement_transfer_v1/selected_plan_witnesses/c5da789ddfed870807705bc7caf58a25813b65465e867d1ff5b2d99ef13b2b59.npz""]",4,292104,292104,215,30002,29853,43783,44820,118033,49201,3328,0,False,0.38627341389656067,15.27878686785698,74.17289873212576,2951540736
TRANSFER,H05,1,F,0.017118193209171295,0.0,0.017118193209171295,queue_exhausted,196,True,True,"[""results/e11_mechanism_placement_transfer_v1/selected_plan_witnesses/af321ba16887b91c76341ae1af1f6ed160670fb16d600bcc05ae9267e3e6bd78.npz""]",0,,,,,,,,,,,,,,,,
TRANSFER,H05,1,A,0.017118193209171295,67.00571552664042,67.02283371984959,retained_record_budget,35545,False,True,[],0,414395,414395,72,30000,29998,46,27465,0,150704,0,200366,True,,,0.0,2764967936
TRANSFER,H05,1,P,0.017118193209171295,1.405455656349659,1.4225738495588303,greedy_exhausted,1208,False,True,[],0,11485,11485,23,23,1208,0,260,158,3411,0,279,True,,,0.0,2377945088
TRANSFER,H05,2,F,0.044299863278865814,0.0,0.044299863278865814,queue_exhausted,196,True,True,"[""results/e11_mechanism_placement_transfer_v1/selected_plan_witnesses/af321ba16887b91c76341ae1af1f6ed160670fb16d600bcc05ae9267e3e6bd78.npz""]",0,,,,,,,,,,,,,,,,
TRANSFER,H05,2,P,0.044299863278865814,3.0012540370225906,3.0455539003014565,greedy_exhausted,1208,False,True,[],0,11485,11485,23,23,1208,0,260,215,0,0,3633,True,,,0.0,2675089408
TRANSFER,H05,2,A,0.044299863278865814,69.45222491770983,69.4965247809887,retained_record_budget,35545,False,True,[],0,414395,414395,72,30000,29998,46,27465,0,0,0,351070,True,,,0.0,2766741504
