E_NUC,E_miss,E_rep,J_q,admission_reasons,admitted,anisotropy_level,baseline_reconstruction_error,formulation,integrated_L_G_diagnostic,max_axis_error,max_position_error,mean_abs_alignment_cheap,mean_abs_alignment_expensive,median_log_kappa_R,min_joint_limit_margin,min_sigma_min_5,minimum_absolute_joint_margin_rad,optimized,placement_id,q_sample_count,solver,strict_pass,surface_candidate_id,surface_id,surface_length,terminal_q_mismatch,window_id
0.9983437696243531,0.9955910297074412,0.002752739916911924,0.28659552740456473,,True,P_high,,F2,0.286387409989843,6.878165529541868e-05,9.097897629912882e-06,0.759372619218854,0.4192558047215334,1.2600495568011172,0.1515219921643465,0.5852253905611059,1.9040829318942007,True,T33,25,single_warm_continuation_surface_bank,True,19,hemisphere,0.04635585697723422,0.0006982505841455211,hemisphere_P_high_W00
0.9933301862079141,0.992774368391907,0.0005558178160071428,0.25968158928362617,,True,P_high,,F2,0.234447182923956,1.2243858981112864e-05,7.350896719443323e-06,0.7158703846931014,0.6101387839383785,2.651932384343027,0.17815914251850593,0.6793455756724937,2.2388154853617026,True,T33,25,single_warm_continuation_surface_bank,True,15,hemisphere,0.0465589192209716,0.0003599869744370654,hemisphere_P_high_W01
0.993128015974775,0.993128015974775,0.0,0.2710620999139982,,True,P_high,,F2,0.2669001776665213,2.6942053552768886e-05,9.655916340301748e-06,0.8305939640119675,0.5336365468252794,2.6420945086504877,0.1938119613633635,0.6675831868573686,1.7761434563940615,True,T33,25,single_warm_continuation_surface_bank,True,13,hemisphere,0.04677590396525445,0.00047039443785079627,hemisphere_P_high_W02
0.9983437696243531,0.9955910297074412,0.002752739916911925,0.5711667355371141,,True,P_high,,F2,0.4837511627670119,0.00014338655669443267,1.3242477194468806e-05,0.21406758654545038,0.9512137752793913,1.1934319400065503,0.20126555676605828,0.5727936005051435,1.6298513537918344,True,T33,25,single_warm_continuation_surface_bank,True,19,hemisphere,0.04635585697723418,0.0007806915575030438,hemisphere_P_high_W03
0.99733418627566,0.99563947852366,0.0016947077520000245,0.6025900820350198,,True,P_high,0.0,F2,0.523420236309807,9.044938197334092e-05,9.715153346444574e-06,0.38134911894219503,0.9017432647563891,1.2521510865084295,0.19745104841445493,0.5914497740990833,1.592661923495375,False,T33,27,single_warm_continuation_surface_bank,,baseline,hemisphere,0.04852586982151049,0.0,hemisphere_P_high_W04
0.9936795512658346,0.9936795512658346,0.0,0.6015687331748317,,True,P_high,,F2,0.5541344886223868,0.00011581463461457449,2.548827723348586e-05,0.4800509225442367,0.8380556521067123,0.9477698754451531,0.1813440791842973,0.5581539558004268,1.13938484951494,True,T33,26,single_warm_continuation_surface_bank,True,19,hemisphere,0.047423723272675175,0.0010586805244310327,hemisphere_P_high_W05
0.996421685070506,0.9949719217641131,0.0014497633063929143,0.5801957294280256,,True,P_high,,F2,0.5123097983012262,0.000220862454062336,2.529662578954083e-05,0.5131522049898436,0.680776364939353,0.45133066264452193,0.16962354788644185,0.619496690887122,1.0657447513705143,True,T33,26,single_warm_continuation_surface_bank,True,11,hemisphere,0.04685841368289275,3.6212019458137235e-05,hemisphere_P_high_W06
0.9971623324347392,0.9958407970452728,0.001321535389466336,0.6722574317233738,,True,P_high,,F2,0.6076774488331446,0.000193088652520417,3.224609051511308e-05,0.664657881432188,0.7390110713957295,0.7338095371704412,0.10338495148549323,0.4865908150141134,0.649567650183354,True,T33,27,single_warm_continuation_surface_bank,True,11,hemisphere,0.048735642037022124,0.0004976667041325378,hemisphere_P_high_W07
0.9935848752759462,0.9935848752759462,0.0,0.515523625182143,,True,P_high,,F2,0.49677463949345185,0.0001508314336783668,3.139729321438423e-05,0.8127281054238898,0.43170342956470054,1.0204409239751773,0.1481927973461827,0.5191552534000226,1.1297416610147786,True,T33,27,single_warm_continuation_surface_bank,True,6,hemisphere,0.047496890310861684,0.0002876315880455671,hemisphere_P_high_W08
0.9935517343624978,0.9933910107187239,0.00016072364377388144,0.4822284036719575,,True,P_high,,F2,0.4542259867295816,9.781186342622913e-05,1.9559972052276704e-05,0.7513785515385606,0.543073367570874,1.2916736743051518,0.1503318362510877,0.5703937049825467,1.4468935218751549,True,T33,27,single_warm_continuation_surface_bank,True,15,hemisphere,0.04730270253413434,0.00028020344349144466,hemisphere_P_high_W09
0.9983437696243531,0.9955910297074412,0.002752739916911924,0.254774939678287,,True,P_low,,F2,0.2544805347827652,5.2466322012385115e-05,5.983194914239267e-06,0.4338315202491389,0.8915960776641705,0.409186307706843,0.25639802595811884,1.0584537129362246,2.184009034808481,True,T30,25,single_warm_continuation_surface_bank,True,19,hemisphere,0.046355856977234225,0.0007048047555993087,hemisphere_P_low_W00
0.9933301862079141,0.992774368391907,0.0005558178160071428,0.2975442316375615,,True,P_low,,F2,0.27298751443513775,1.4399140949214814e-05,7.818977734015021e-06,0.5365816837233484,0.7728744221208702,1.9158515433718541,0.2640725927048137,1.0602556225631854,1.9510578172051254,True,T30,25,single_warm_continuation_surface_bank,True,15,hemisphere,0.04655891922097162,0.00035982291506342357,hemisphere_P_low_W01
0.993128015974775,0.993128015974775,0.0,0.3215924157969966,,True,P_low,,F2,0.31241873702298456,2.9758185994575805e-05,8.578441195270088e-06,0.6108830196592251,0.7769455510876625,1.4184182290963716,0.23632579067288417,0.8708518563601819,1.4848349427977314,True,T30,25,single_warm_continuation_surface_bank,True,13,hemisphere,0.04677590396525452,0.0004707070976379679,hemisphere_P_low_W02
0.9976325449856752,0.9955910297074412,0.002041515278234001,0.4948402952914511,,True,P_low,0.0,F2,0.33054387392979523,0.0001417225941200417,1.1019198514626467e-05,0.8016576225920236,0.35186755598791236,0.48419698883009765,0.21207609160999355,0.7176204276157885,1.3324740835855895,False,T30,25,single_warm_continuation_surface_bank,,baseline,hemisphere,0.047221554649235595,0.0,hemisphere_P_low_W03
0.9975576450560524,0.9954182614061774,0.0021393836498749723,0.47025454009612194,,True,P_low,,F2,0.33677075016282426,0.0001556719554582214,1.1123268559963906e-05,0.8769408863499895,0.35090540464950737,0.39583575588327424,0.20798437940106268,0.7769589545564988,1.3067658557768769,True,T30,27,single_warm_continuation_surface_bank,True,5,hemisphere,0.048096404079574814,0.0009645820901948432,hemisphere_P_low_W04
0.9938402749096086,0.9938402749096086,0.0,0.4400845669810674,,True,P_low,,F2,0.35908253972923915,0.0001361934554428616,2.0064391352417598e-05,0.8614358315829745,0.25899408534956014,0.49686095805104513,0.14794511100496785,0.6977379621560975,0.929539132444213,True,T30,26,single_warm_continuation_surface_bank,True,13,hemisphere,0.047112546601398485,0.0007660494697786513,hemisphere_P_low_W05
0.9956148163392086,0.9949719217641131,0.000642894575095525,0.4989179295583341,,True,P_low,,F2,0.4306610971615404,0.00018442878588970736,2.538439716768933e-05,0.6406366187367856,0.7079669865969059,0.8395370239425393,0.14395892761639764,0.7706963865234894,0.9044939422138265,True,T30,26,single_warm_continuation_surface_bank,True,19,hemisphere,0.047335703725802106,0.0005264973307336218,hemisphere_P_low_W06
0.9971623324347392,0.9958407970452728,0.001321535389466336,0.7152660445190187,,True,P_low,,F2,0.6695887515955828,0.0001333043531489825,3.352345985404213e-05,0.5186215729077795,0.8482062928105667,1.054680433047111,0.09014623546460883,0.5269783548150924,0.5663887974241373,True,T30,27,single_warm_continuation_surface_bank,True,11,hemisphere,0.0487356420370221,0.0005616655890190447,hemisphere_P_low_W07
0.9935848752759462,0.9935848752759462,0.0,0.426597606470512,,True,P_low,,F2,0.3866158808353661,0.00013209948744813334,2.8487612621929165e-05,0.8086573541561481,0.49743276892567095,0.2662115163347505,0.18415389465435678,0.65139131379986,1.1570389201133238,True,T30,27,single_warm_continuation_surface_bank,True,6,hemisphere,0.04749689031086168,0.00029310971190410484,hemisphere_P_low_W08
0.9935517343624978,0.9933910107187239,0.00016072364377388144,0.3595117908953115,,True,P_low,,F2,0.3251801503140831,0.00012620519546046235,1.2029034478085215e-05,0.7170374343719453,0.6501199640684187,0.37091938137290165,0.23078826851369807,0.8942243058014001,1.4500426910715651,True,T30,27,single_warm_continuation_surface_bank,True,15,hemisphere,0.04730270253413433,0.0002408040695804914,hemisphere_P_low_W09
0.9976325449856752,0.9955910297074412,0.0020415152782340008,0.24699041358860452,,True,P_mid,,F2,0.24890276701241804,2.5503327589155956e-05,4.347131533102083e-06,0.8043817614318236,0.4375593164850459,0.9102280272108441,0.3477712593252348,0.7510606252204821,2.1850468223404502,True,T27,25,single_warm_continuation_surface_bank,True,12,hemisphere,0.04667339553110376,0.0005429019287704895,hemisphere_P_mid_W00
0.9933301862079141,0.992774368391907,0.0005558178160071428,0.27036456922926666,,True,P_mid,,F2,0.24381719341924576,1.5188706166259691e-05,5.60890761927176e-06,0.7145945587429109,0.6124208983155646,2.4322889564745447,0.3256751526604651,0.6676775562363698,2.086808002919467,True,T27,25,single_warm_continuation_surface_bank,True,15,hemisphere,0.04655891922097186,0.0003584667121152574,hemisphere_P_mid_W01
0.993128015974775,0.993128015974775,0.0,0.3227747600463473,,True,P_mid,,F2,0.3234961486621784,4.216957271018607e-05,8.208551361672093e-06,0.8932312007975659,0.41366081060333915,2.7748214710524484,0.2551505726627932,0.37195656667852084,1.6031110480403294,True,T27,25,single_warm_continuation_surface_bank,True,13,hemisphere,0.046775903965254544,0.0004703835968012937,hemisphere_P_mid_W02
0.9976325449856752,0.9955910297074412,0.002041515278234001,1.154634484423539,,True,P_mid,0.0,F2,0.8455926853651864,0.00025569333987926333,4.769559780607324e-05,0.37278800351867347,0.9052863195495472,2.131263054350783,0.2216168531049809,0.3172386405219124,1.392418688058595,False,T27,25,single_warm_continuation_surface_bank,,baseline,hemisphere,0.04722155464923569,0.0,hemisphere_P_mid_W03
0.99733418627566,0.99563947852366,0.0016947077520000245,0.8026627219868667,,True,P_mid,0.0,F2,0.630598978700945,0.00015634392928225852,3.3875898298570935e-05,0.5256991582469666,0.8446640229868834,1.5979202673345825,0.22438969597707678,0.45977119983830944,1.4098404598239735,False,T27,27,single_warm_continuation_surface_bank,,baseline,hemisphere,0.04852586982151051,0.0,hemisphere_P_mid_W04
0.9936795512658346,0.9936795512658346,0.0,0.5949977278883385,,True,P_mid,,F2,0.5417176819462245,0.00015567863425634232,2.5932884233852732e-05,0.3219604622664408,0.8369804603332096,0.5599351031582362,0.17496553253689395,0.6248384572714163,1.0993084409293048,True,T27,26,single_warm_continuation_surface_bank,True,19,hemisphere,0.04742372327267518,0.0010943760714101636,hemisphere_P_mid_W05
0.996421685070506,0.9949719217641131,0.0014497633063929143,0.5269602522883771,,True,P_mid,,F2,0.4909184755479276,0.00019036968466446433,2.3693680611227305e-05,0.9034587731653653,0.36158857670196026,0.18675952458787176,0.1710760184742387,0.6829347054597577,1.0748706240736419,True,T27,26,single_warm_continuation_surface_bank,True,11,hemisphere,0.04685841368289272,0.00035341480894768296,hemisphere_P_mid_W06
0.9968980253568458,0.9955764899673795,0.001321535389466336,0.6298206676492579,,True,P_mid,0.0,F2,0.6140933635645626,0.00015456840923579396,2.2916468435512343e-05,0.6971984601761708,0.7152582349367557,1.0177974163298336,0.10066604574456714,0.47741215319063124,0.6324847654131154,False,T27,27,single_warm_continuation_surface_bank,,baseline,hemisphere,0.04953445683711794,0.0,hemisphere_P_mid_W07
0.9935848752759462,0.9935848752759462,0.0,0.4548169760353724,,True,P_mid,,F2,0.4038995855370338,0.00014122749955507245,1.0617913287616198e-05,0.8481335409888742,0.40903160657777377,1.0409160467647949,0.2034538242798632,0.566104148053662,1.2783003779503805,True,T27,27,single_warm_continuation_surface_bank,True,6,hemisphere,0.0474968903108616,0.00030149872357299046,hemisphere_P_mid_W08
0.9935517343624978,0.9933910107187239,0.00016072364377388144,0.3910014962346092,,True,P_mid,,F2,0.366848854735288,0.0001256175675874354,9.161107614415842e-06,0.7240174298836916,0.4803817248993668,1.1432039260298494,0.20653612584740938,0.6790804820231541,1.5709461722054219,True,T27,27,single_warm_continuation_surface_bank,True,15,hemisphere,0.04730270253413445,0.00020410127319925309,hemisphere_P_mid_W09
0.9944042575972375,0.9920332306352807,0.00237102696195684,0.15601325991865442,,True,P_high,,F2,0.1291367297746198,0.0014854575181510031,0.0007442093450789584,0.9437252474754108,0.21074109065749366,1.8983853185426303,0.09131406859149384,0.9723832125996852,1.1474872852667763,True,T10,27,single_warm_continuation_surface_bank,True,12,saddle,0.04833289828142069,5.222827183626322e-05,saddle_P_high_W00
0.9882313425004375,0.9882313425004375,0.0,0.14719853065263994,,True,P_high,,F2,0.13807952498929335,1.850961759801936e-05,4.284223794401457e-06,0.8559681612660949,0.4855927164611397,1.025757121391619,0.1088298750594346,0.8850530010156977,1.367597565349378,True,T10,25,single_warm_continuation_surface_bank,True,20,saddle,0.04665206121848783,0.00013859458921761103,saddle_P_high_W01
0.9858487976857729,0.9858487976857729,0.0,0.15816017372941385,,True,P_high,0.0,F2,0.15144132567078541,1.2409697420161633e-05,3.7261182543754488e-06,0.7703895041206686,0.5962558904444528,1.1759660068944175,0.1131835333070755,0.8725099218322305,1.4223072892793676,False,T10,26,single_warm_continuation_surface_bank,,baseline,saddle,0.04816480038405495,0.0,saddle_P_high_W02
0.9944770721794962,0.990422907158716,0.004054165020780296,0.20114173156439033,,True,P_high,,F2,0.1828570421106927,1.5685827495921848e-05,5.755143085823738e-06,0.7247562562290459,0.6045479443135712,1.8409784533619746,0.0975599906781987,0.9850977291529538,1.2259759156587027,True,T10,27,single_warm_continuation_surface_bank,True,2,saddle,0.04733534019938689,1.07674774003641e-05,saddle_P_high_W03
0.988826917346253,0.988524942139395,0.0003019752068580255,0.13043183632897593,,True,P_high,,F2,0.12828270507447748,8.692014778831627e-06,4.286658983835232e-06,0.6975009000955871,0.6288749070509435,0.69134880630112,0.12975851060904356,0.74244364068826,1.6305947525472728,True,T10,26,single_warm_continuation_surface_bank,True,21,saddle,0.04766912708770383,2.9889839821883868e-05,saddle_P_high_W04
0.9873979368624795,0.987114986560685,0.00028295030179448683,0.15644483588214025,,True,P_high,,F2,0.1545715178032869,1.6503727246865062e-05,7.236421459157539e-06,0.7935328378436388,0.46705094811986075,1.6159190911731809,0.1141256959718746,0.9013516924245791,1.4341468633470456,True,T10,27,single_warm_continuation_surface_bank,True,5,saddle,0.04866396178968443,0.00028769679639850665,saddle_P_high_W05
0.9866392204497414,0.9863485107419673,0.00029070970777415336,0.13470989407325246,,True,P_high,,F2,0.13135901109207307,1.2568906433507928e-05,6.331518428700748e-06,0.8468790700279029,0.32857726149338184,2.5005371318615692,0.11707863423623474,0.7961584692853442,1.4712546076935356,True,T10,25,single_warm_continuation_surface_bank,True,5,saddle,0.04597135944769619,8.66087988953268e-05,saddle_P_high_W06
0.9864833820339661,0.9864833820339661,0.0,0.18740654725188113,,True,P_high,,F2,0.17030678089826284,1.906687279154582e-05,8.137207246279581e-06,0.8582956615503616,0.3661233696218045,2.2839670105980985,0.11011876795112972,0.7470501671124065,1.3837942832057175,True,T10,27,single_warm_continuation_surface_bank,True,0,saddle,0.04930354702537851,0.00017565951254550072,saddle_P_high_W07
0.9866652270850648,0.9863783708427762,0.0002868562422884718,0.20449103863139492,,True,P_high,,F2,0.1845427279422063,1.7624218870967106e-05,6.465512184308301e-06,0.7522808439324687,0.5851017539888272,1.5247420681664798,0.09401284304571417,0.9479296332243634,1.1814011105928017,True,T10,27,single_warm_continuation_surface_bank,True,9,saddle,0.04806598155712639,1.4994372691923274e-05,saddle_P_high_W08
0.9897626927620986,0.9897626927620986,0.0,0.20055377190320553,,True,P_high,,F2,0.17691637234292362,1.730100538078642e-05,8.248533907216035e-06,0.7786471633287584,0.4465335164351547,1.8998791256615404,0.08728844407643996,0.9338323877661008,1.0968997578732935,True,T10,27,single_warm_continuation_surface_bank,True,16,saddle,0.04856397272677576,4.225687318148985e-05,saddle_P_high_W09
0.9935132568742993,0.9920332306352807,0.0014800262390185514,0.15514443763344166,,True,P_low,,F2,0.136355627129461,0.0017310102037932063,0.0007839917444788621,0.9281308901211626,0.29065366543482074,0.9050177411260117,0.09271289553688898,0.7002530855549679,1.165065476216851,True,T17,27,single_warm_continuation_surface_bank,True,22,saddle,0.04827211600942279,3.329080546121688e-05,saddle_P_low_W00
0.9882313425004375,0.9882313425004375,0.0,0.2109663775998386,,True,P_low,,F2,0.18788468935998054,3.1100965289176706e-05,7.915738201990861e-06,0.8809651842520222,0.4468552295661813,0.31400811018159186,0.1151685732449433,0.758247924969592,1.290994579311065,True,T17,25,single_warm_continuation_surface_bank,True,20,saddle,0.04665206121848789,0.00014400912589707104,saddle_P_low_W01
0.9866976485911565,0.9866976485911565,0.0,0.22402147285013238,,True,P_low,,F2,0.19957677498658494,2.619419853546167e-05,7.820319866524479e-06,0.772336219348895,0.6016800024649062,0.21679664037337715,0.12003430489458736,0.748051895122005,1.329861426928035,True,T17,26,single_warm_continuation_surface_bank,True,12,saddle,0.047984810076266676,0.00018380561039554877,saddle_P_low_W02
0.9930467493835562,0.990422907158716,0.002623842224840226,0.18003437157383023,,True,P_low,,F2,0.1662796168941002,2.0434512778027563e-05,5.873205576793613e-06,0.6433893419283704,0.6602471422618663,0.9244116177852805,0.09710887131990906,0.7058913045400257,1.2203069783770788,True,T17,27,single_warm_continuation_surface_bank,True,10,saddle,0.04757967111030219,2.3364106753298586e-05,saddle_P_low_W03
0.988222966932537,0.9879209917256789,0.0003019752068580255,0.15906045517009854,,True,P_low,,F2,0.1396163955821771,1.2110042695334021e-05,5.1999698276802675e-06,0.6774036870193513,0.6776689954187821,0.5549619951420486,0.13592780118442294,0.7354417675092241,1.486249586484951,True,T17,26,single_warm_continuation_surface_bank,True,0,saddle,0.047277212587796796,4.716348995570385e-05,saddle_P_low_W04
0.9873939762429876,0.9873939762429876,0.0,0.23122604116635948,,True,P_low,,F2,0.20148922261839783,3.5218729772776105e-05,8.656710298381036e-06,0.7893356226926641,0.4512112942465289,0.10081473187967624,0.11710906195268765,0.6872651194403553,1.409364585780814,True,T17,27,single_warm_continuation_surface_bank,True,10,saddle,0.048511575914752754,0.00015188190664749968,saddle_P_low_W05
0.9866392204497414,0.9863485107419673,0.00029070970777415336,0.1666292786034338,,True,P_low,,F2,0.13550285020669056,2.2078875099792033e-05,6.009996931118026e-06,0.8297948827240926,0.31098281004416833,1.019656137387198,0.1129583568706978,0.6277823629239384,1.4194776366127995,True,T17,25,single_warm_continuation_surface_bank,True,5,saddle,0.04597135944769611,8.973431642322893e-05,saddle_P_low_W06
0.9864833820339661,0.9864833820339661,0.0,0.23178210094897603,,True,P_low,,F2,0.19758254899871838,3.933850675678083e-05,5.605831629396051e-06,0.6887392658763497,0.6190593455247272,0.22032463257500762,0.09754892302038731,0.6193849363675556,1.2258368352649347,True,T17,27,single_warm_continuation_surface_bank,True,12,saddle,0.049283412596372866,4.8750762568605666e-05,saddle_P_low_W07
0.9869748588076744,0.9863783708427762,0.0005964879648981573,0.18849136083748028,,True,P_low,,F2,0.16742873120067248,2.792722504104237e-05,8.470145420776155e-06,0.6288218331014422,0.6275141395108459,0.9069430975184959,0.08955256429214227,0.690885987320492,1.1253515528694908,True,T17,27,single_warm_continuation_surface_bank,True,4,saddle,0.047371411679460906,9.44026690463673e-06,saddle_P_low_W08
0.9894607175552406,0.9894607175552406,0.0,0.17777870452548897,,True,P_low,,F2,0.1532245592377703,1.864224598735578e-05,4.938048812537747e-06,0.6696040042947663,0.5676072774931982,0.7971268031380981,0.08778465784537845,0.6879336773759821,1.103135368655007,True,T17,27,single_warm_continuation_surface_bank,True,0,saddle,0.04843303168994856,5.359506579249995e-05,saddle_P_low_W09
0.9935132568742993,0.9920332306352807,0.0014800262390185514,0.16068562653154497,,True,P_mid,,F2,0.1368036286444606,0.0017292508639040135,0.0007851941583656099,0.9601256910378697,0.22601748371054833,1.4912697491609461,0.07803935380117209,0.9243979945486416,0.9806721748199729,True,T21,27,single_warm_continuation_surface_bank,True,22,saddle,0.048272116009422515,4.3710512092065557e-05,saddle_P_mid_W00
0.9882313425004375,0.9882313425004375,0.0,0.14815805786342578,,True,P_mid,,F2,0.13860976706295872,1.9122411148057743e-05,5.063016470381494e-06,0.9633850105125266,0.2432342916350903,0.6179684817970051,0.09789706414352667,0.9342723920401035,1.2302117089119307,True,T21,25,single_warm_continuation_surface_bank,True,20,saddle,0.04665206121848786,0.00013985843198316417,saddle_P_mid_W01
0.9866976485911565,0.9866976485911565,0.0,0.15453139216773484,,True,P_mid,,F2,0.1466127520471087,1.9267391577033867e-05,4.459626966326586e-06,0.8847380961555804,0.3564932141355771,0.7349895330152015,0.1019595250336859,0.9425036532607383,1.2812621361928098,True,T21,26,single_warm_continuation_surface_bank,True,12,saddle,0.04798481007626669,0.00017960831833541135,saddle_P_mid_W02
0.9924615269177419,0.990422907158716,0.002038619759025941,0.1904084678005635,,True,P_mid,,F2,0.17036032727601014,2.1756578168303957e-05,6.62474012926164e-06,0.7189790667160246,0.5358443504173636,1.4884520344955012,0.08453215433438038,0.9358548642241808,1.062263173584471,True,T21,27,single_warm_continuation_surface_bank,True,5,saddle,0.04831447530645353,5.969734234145818e-05,saddle_P_mid_W03
0.988222966932537,0.9879209917256789,0.0003019752068580255,0.14967396635411326,,True,P_mid,,F2,0.1436415417653571,9.76253530337809e-06,6.304084417693991e-06,0.8077657587216798,0.42415642360274813,0.8400788442955656,0.11799102299100411,0.7914448197422833,1.4827200314936944,True,T21,26,single_warm_continuation_surface_bank,True,0,saddle,0.04727721258779675,4.49717707056152e-05,saddle_P_mid_W04
0.9873979368624795,0.987114986560685,0.00028295030179448683,0.17324543372139556,,True,P_mid,,F2,0.17161729435297435,1.6038218852367843e-05,9.039788445869382e-06,0.7372574958145435,0.525443025630526,1.2229418583234681,0.10211456045227608,1.0041484256249082,1.2832103701762732,True,T21,27,single_warm_continuation_surface_bank,True,5,saddle,0.048663961789684476,0.000288856265037829,saddle_P_mid_W05
0.9866392204497414,0.9863485107419673,0.00029070970777415336,0.16907553878679654,,True,P_mid,,F2,0.16902339430124946,1.295807410686066e-05,1.0493262795302291e-05,0.8586549536606216,0.45856166443317437,2.1625329506742457,0.10436242876400681,0.8492211110667256,1.31145793757144,True,T21,25,single_warm_continuation_surface_bank,True,5,saddle,0.045971359447696085,8.749663415752451e-05,saddle_P_mid_W06
0.9864833820339661,0.9864833820339661,0.0,0.1986135473528653,,True,P_mid,,F2,0.1873218678198871,1.920496086148403e-05,1.1520284254903624e-05,0.8358124280539099,0.40999579432479416,2.0023736761090922,0.0970750281685575,0.8370942353738707,1.2198816924767977,True,T21,27,single_warm_continuation_surface_bank,True,0,saddle,0.04930354702537853,0.00017500547996673887,saddle_P_mid_W07
0.9863783708427762,0.9863783708427762,0.0,0.1982364440071775,,True,P_mid,,F2,0.17692554008231265,1.6544986822533973e-05,9.783374194676427e-06,0.7267354550343627,0.5774255728574543,1.2890995802066731,0.08049622142592501,0.9289182609835285,1.0115461070023155,True,T21,27,single_warm_continuation_surface_bank,True,3,saddle,0.047405107799997286,1.7019424915165615e-05,saddle_P_mid_W08
0.9897626927620986,0.9897626927620986,0.0,0.2066623871421387,,True,P_mid,,F2,0.18557912500505308,1.7127094161412825e-05,7.69764961470009e-06,0.6832472308276147,0.5658411281235766,1.4560847303069646,0.07315258234607684,0.920932651809882,0.9192631477420932,True,T21,27,single_warm_continuation_surface_bank,True,16,saddle,0.048563972726775886,4.3342173637661574e-05,saddle_P_mid_W09
