B_joint,Delta_conf,Delta_joint,Delta_surface,E_NUC0,E_NUC1,E_NUC2,E_NUC3,E_miss0,E_miss1,E_miss2,E_miss3,E_rep0,E_rep1,E_rep2,E_rep3,F0_replay_error,F3_beats_F1,F3_beats_F2,F3_beats_both,J0,J1,J2,J3,LG0,LG1,LG2,LG3,anisotropy_level,cheap0,cheap1,cheap2,cheap3,kappa0,kappa1,kappa2,kappa3,margin0,margin1,margin2,margin3,optimized1,optimized2,optimized3,placement_id,sigma0,sigma1,sigma2,sigma3,surface0,surface1,surface2,surface3,surface_candidate2,surface_candidate3,surface_id,terminal1,terminal2,terminal3,window_id
-0.0003040642458862312,0.0,0.015404420856394195,0.015708485102280425,0.9976325449856752,0.9976325449856752,0.9983437696243531,0.9983437696243531,0.9955910297074412,0.9955910297074412,0.9955910297074412,0.9955910297074412,0.0020415152782340008,0.0020415152782340008,0.002752739916911924,0.002752739916911924,0.0,True,False,False,0.29116935690982326,0.29116935690982326,0.28659552740456473,0.2866840615954987,0.28420728315831045,0.28420728315831045,0.286387409989843,0.286387409989843,P_high,0.7932107308289864,0.7932107308289864,0.759372619218854,0.759372619218854,1.2600495568011159,1.2600495568011159,1.2600495568011172,1.2600495568011172,1.9045420999580989,1.9045420999580989,1.9040829318942007,1.9040829318942007,False,True,True,T33,0.5854500726421165,0.5854500726421165,0.5852253905611059,0.5852253905611059,0.047221554649235484,0.047221554649235484,0.04635585697723422,0.04635585697723422,19,19,hemisphere,0.0,0.0006982505841455211,0.0,hemisphere_P_high_W00
0.000169048509998221,0.0,0.023565396499736036,0.023396347989737814,0.9936080951159177,0.9936080951159177,0.9933301862079141,0.9933301862079141,0.992774368391907,0.992774368391907,0.992774368391907,0.992774368391907,0.0008337267240107142,0.0008337267240107142,0.0005558178160071428,0.0005558178160071428,0.0,True,True,True,0.265902742375673,0.265902742375673,0.25968158928362617,0.2596366388212231,0.24354685294965897,0.24354685294965897,0.234447182923956,0.234447182923956,P_high,0.7049940735230112,0.7049940735230112,0.7158703846931014,0.7158703846931014,2.6504265449042177,2.6504265449042177,2.651932384343027,2.651932384343027,2.237841272182615,2.237841272182615,2.2388154853617026,2.2388154853617026,False,True,True,T33,0.6793455756724938,0.6793455756724938,0.6793455756724937,0.6793455756724938,0.046695192286768585,0.046695192286768585,0.0465589192209716,0.0465589192209716,15,15,hemisphere,0.0,0.0003599869744370654,0.0,hemisphere_P_high_W01
-0.0009194480288859457,0.0,0.005811062081883685,0.006730510110769632,0.993128015974775,0.993128015974775,0.993128015974775,0.993128015974775,0.993128015974775,0.993128015974775,0.993128015974775,0.993128015974775,0.0,0.0,0.0,0.0,0.0,True,False,False,0.2728988483721846,0.2728988483721846,0.2710620999139982,0.27131301622221926,0.2640271771225736,0.2640271771225736,0.2669001776665213,0.2669001776665213,P_high,0.8355553707473823,0.8355553707473823,0.8305939640119675,0.8305939640119675,2.6457967632956567,2.6457967632956567,2.6420945086504877,2.6420945086504877,1.7761434563940621,1.7761434563940621,1.7761434563940615,1.7761434563940621,False,True,True,T33,0.6675831868573664,0.6675831868573664,0.6675831868573686,0.6675831868573664,0.046895279869245146,0.046895279869245146,0.04677590396525445,0.04677590396525445,13,13,hemisphere,0.0,0.00047039443785079627,0.0,hemisphere_P_high_W02
-0.00015209669867668864,0.0,0.02964234536468489,0.02979444206336158,0.9976325449856752,0.9976325449856752,0.9983437696243531,0.9983437696243531,0.9955910297074412,0.9955910297074412,0.9955910297074412,0.9955910297074412,0.002041515278234001,0.002041515278234001,0.002752739916911925,0.002752739916911925,0.0,True,False,False,0.5887069300569967,0.5887069300569967,0.5711667355371141,0.5712562759176638,0.48975787150076405,0.48975787150076405,0.4837511627670119,0.4837511627670119,P_high,0.18722025276218476,0.18722025276218476,0.21406758654545038,0.21406758654545038,1.1941734311397951,1.1941734311397951,1.1934319400065503,1.1934319400065503,1.6298695385162436,1.6298695385162436,1.6298513537918344,1.6298513537918344,False,True,True,T33,0.5743146232703965,0.5743146232703965,0.5727936005051435,0.5727936005051435,0.047221554649235456,0.047221554649235456,0.04635585697723418,0.04635585697723418,19,19,hemisphere,0.0,0.0007806915575030438,0.0,hemisphere_P_high_W03
0.0,0.0,0.0,0.0,0.99733418627566,0.99733418627566,0.99733418627566,0.99733418627566,0.99563947852366,0.99563947852366,0.99563947852366,0.99563947852366,0.0016947077520000245,0.0016947077520000245,0.0016947077520000245,0.0016947077520000245,0.0,False,False,False,0.6025900820350198,0.6025900820350198,0.6025900820350198,0.6025900820350198,0.523420236309807,0.523420236309807,0.523420236309807,0.523420236309807,P_high,0.38134911894219503,0.38134911894219503,0.38134911894219503,0.38134911894219503,1.2521510865084295,1.2521510865084295,1.2521510865084295,1.2521510865084295,1.592661923495375,1.592661923495375,1.592661923495375,1.592661923495375,False,False,False,T33,0.5914497740990833,0.5914497740990833,0.5914497740990833,0.5914497740990833,0.04852586982151049,0.04852586982151049,0.04852586982151049,0.04852586982151049,baseline,baseline,hemisphere,0.0,0.0,0.0,hemisphere_P_high_W04
-0.00045017551005488654,0.0,0.009159326498043128,0.009609502008098014,0.9936795512658346,0.9936795512658346,0.9936795512658346,0.9936795512658346,0.9936795512658346,0.9936795512658346,0.9936795512658346,0.9936795512658346,0.0,0.0,0.0,0.0,0.0,True,False,False,0.6074055984932829,0.6074055984932829,0.6015687331748317,0.6018421722999436,0.5585991315440578,0.5585991315440578,0.5541344886223868,0.5541344886223868,P_high,0.4723440033381975,0.4723440033381975,0.4800509225442367,0.4800509225442367,0.9600234533298246,0.9600234533298246,0.9477698754451531,0.9477698754451531,1.1393848495149372,1.1393848495149372,1.13938484951494,1.1393848495149372,False,True,True,T33,0.5581539558003847,0.5581539558003847,0.5581539558004268,0.5581539558003847,0.04746786887098048,0.04746786887098048,0.047423723272675175,0.047423723272675175,19,19,hemisphere,0.0,0.0010586805244310327,0.0,hemisphere_P_high_W05
2.3455530966918885e-05,0.0,0.021902937195045297,0.02187948166407838,0.9957755399829825,0.9957755399829825,0.996421685070506,0.996421685070506,0.995132645407887,0.995132645407887,0.9949719217641131,0.9949719217641131,0.000642894575095525,0.000642894575095525,0.0014497633063929143,0.0014497633063929143,0.0,True,True,True,0.593174070629981,0.593174070629981,0.5801957294280256,0.5801818162152431,0.5220113126311345,0.5220113126311345,0.5123097983012262,0.5123097983012262,P_high,0.5030996429720849,0.5030996429720849,0.5131522049898436,0.5131522049898436,0.43718279996058707,0.43718279996058707,0.45133066264452193,0.45133066264452193,1.0612649883959913,1.0612649883959913,1.0657447513705143,1.0657447513705143,False,True,True,T33,0.6216180198845163,0.6216180198845163,0.619496690887122,0.619496690887122,0.047178380016081614,0.047178380016081614,0.04685841368289275,0.04685841368289275,11,11,hemisphere,0.0,3.6212019458137235e-05,0.0,hemisphere_P_high_W06
-0.00023917956889108198,0.0,0.029244922375099798,0.029484101943990877,0.9968980253568458,0.9968980253568458,0.9971623324347392,0.9971623324347392,0.9955764899673795,0.9955764899673795,0.9958407970452728,0.9958407970452728,0.001321535389466336,0.001321535389466336,0.001321535389466336,0.001321535389466336,0.0,True,False,False,0.6926804940237851,0.6926804940237851,0.6722574317233738,0.6724231067453137,0.629691828373551,0.629691828373551,0.6076774488331446,0.6076774488331446,P_high,0.6270508309220932,0.6270508309220932,0.664657881432188,0.664657881432188,0.7041336162375511,0.7041336162375511,0.7338095371704412,0.7338095371704412,0.6523018970121672,0.6523018970121672,0.649567650183354,0.649567650183354,False,True,True,T33,0.4865908150140858,0.4865908150140858,0.4865908150141134,0.4865908150140858,0.049534456837117914,0.049534456837117914,0.048735642037022124,0.048735642037022124,11,11,hemisphere,0.0,0.0004976667041325378,0.0,hemisphere_P_high_W07
-0.00022716493244255483,0.0,0.009691349081062882,0.009918514013505436,0.9935848752759462,0.9935848752759462,0.9935848752759462,0.9935848752759462,0.9935848752759462,0.9935848752759462,0.9935848752759462,0.9935848752759462,0.0,0.0,0.0,0.0,0.0,True,False,False,0.5206880771722411,0.5206880771722411,0.515523625182143,0.5156419072540175,0.5025368490199765,0.5025368490199765,0.49677463949345185,0.49677463949345185,P_high,0.8191706083655662,0.8191706083655662,0.8127281054238898,0.8127281054238898,1.0204409239751744,1.0204409239751744,1.0204409239751773,1.0204409239751773,1.129741661014671,1.129741661014671,1.1297416610147786,1.129741661014671,False,True,True,T33,0.5191552533998949,0.5191552533998949,0.5191552534000226,0.5191552533998949,0.04800248872226006,0.04800248872226006,0.047496890310861684,0.047496890310861684,6,6,hemisphere,0.0,0.0002876315880455671,0.0,hemisphere_P_high_W08
0.00024577371343073383,0.0,0.022173743300446205,0.02192796958701547,0.9930728541052197,0.9930728541052197,0.9935517343624978,0.9935517343624978,0.9930728541052197,0.9930728541052197,0.9933910107187239,0.9933910107187239,0.0,0.0,0.00016072364377388144,0.00016072364377388144,0.0,True,True,True,0.4930397646360869,0.4930397646360869,0.4822284036719575,0.4821072274581339,0.46528743843304177,0.46528743843304177,0.4542259867295816,0.4542259867295816,P_high,0.7462814243447549,0.7462814243447549,0.7513785515385606,0.7513785515385606,1.3087982227879622,1.3087982227879622,1.2916736743051518,1.2916736743051518,1.4462787190325106,1.4462787190325106,1.4468935218751549,1.4468935218751549,False,True,True,T33,0.570393704982447,0.570393704982447,0.5703937049825467,0.570393704982447,0.04783016136060835,0.04783016136060835,0.04730270253413434,0.04730270253413434,15,15,hemisphere,0.0,0.00028020344349144466,0.0,hemisphere_P_high_W09
-0.00023970631922971418,0.0,0.011624965878538328,0.011864672197768043,0.9976325449856752,0.9976325449856752,0.9983437696243531,0.9983437696243531,0.9955910297074412,0.9955910297074412,0.9955910297074412,0.9955910297074412,0.0020415152782340008,0.0020415152782340008,0.002752739916911924,0.002752739916911924,0.0,True,False,False,0.25783405623695943,0.25783405623695943,0.254774939678287,0.25483674413087964,0.25446972204294505,0.25446972204294505,0.2544805347827652,0.2544805347827652,P_low,0.501341774764348,0.501341774764348,0.4338315202491389,0.4338315202491389,0.40275636016055416,0.40275636016055416,0.409186307706843,0.409186307706843,2.1772067036241807,2.1772067036241807,2.184009034808481,2.184009034808481,False,True,True,T30,1.058844240830019,1.058844240830019,1.0584537129362246,1.0584537129362246,0.04722155464923542,0.04722155464923542,0.046355856977234225,0.046355856977234225,19,19,hemisphere,0.0,0.0007048047555993087,0.0,hemisphere_P_low_W00
0.00018877587935133355,0.0,0.01837697480139498,0.018188198922043645,0.9936080951159177,0.9936080951159177,0.9933301862079141,0.9933301862079141,0.992774368391907,0.992774368391907,0.992774368391907,0.992774368391907,0.0008337267240107142,0.0008337267240107142,0.0005558178160071428,0.0005558178160071428,0.0,True,True,True,0.3030562795343059,0.3030562795343059,0.2975442316375615,0.29748702192189946,0.2812687498813805,0.2812687498813805,0.27298751443513775,0.27298751443513775,P_low,0.5152859831207892,0.5152859831207892,0.5365816837233484,0.5365816837233484,1.9137114310076908,1.9137114310076908,1.9158515433718541,1.9158515433718541,1.9487410009407324,1.9487410009407324,1.9510578172051254,1.9510578172051254,False,True,True,T30,1.0598429190448218,1.0598429190448218,1.0602556225631854,1.0602556225631854,0.046695192286768564,0.046695192286768564,0.04655891922097162,0.04655891922097162,15,15,hemisphere,0.0,0.00035982291506342357,0.0,hemisphere_P_low_W01
-0.0006612362643320322,0.0,0.0034856456377591718,0.004146881902091204,0.993128015974775,0.993128015974775,0.993128015974775,0.993128015974775,0.993128015974775,0.993128015974775,0.993128015974775,0.993128015974775,0.0,0.0,0.0,0.0,0.0,True,False,False,0.32293157490056557,0.32293157490056557,0.3215924157969966,0.3218059498652187,0.3112922819322758,0.3112922819322758,0.31241873702298456,0.31241873702298456,P_low,0.6195650059465303,0.6195650059465303,0.6108830196592251,0.6108830196592251,1.4219000998648703,1.4219000998648703,1.4184182290963716,1.4184182290963716,1.4848349427977323,1.4848349427977323,1.4848349427977314,1.4848349427977323,False,True,True,T30,0.8708518563601764,0.8708518563601764,0.8708518563601819,0.8708518563601764,0.0468952798692452,0.0468952798692452,0.04677590396525452,0.04677590396525452,13,13,hemisphere,0.0,0.0004707070976379679,0.0,hemisphere_P_low_W02
0.0,0.0,0.0,0.0,0.9976325449856752,0.9976325449856752,0.9976325449856752,0.9976325449856752,0.9955910297074412,0.9955910297074412,0.9955910297074412,0.9955910297074412,0.002041515278234001,0.002041515278234001,0.002041515278234001,0.002041515278234001,0.0,False,False,False,0.4948402952914511,0.4948402952914511,0.4948402952914511,0.4948402952914511,0.33054387392979523,0.33054387392979523,0.33054387392979523,0.33054387392979523,P_low,0.8016576225920236,0.8016576225920236,0.8016576225920236,0.8016576225920236,0.48419698883009765,0.48419698883009765,0.48419698883009765,0.48419698883009765,1.3324740835855895,1.3324740835855895,1.3324740835855895,1.3324740835855895,False,False,False,T30,0.7176204276157885,0.7176204276157885,0.7176204276157885,0.7176204276157885,0.047221554649235595,0.047221554649235595,0.047221554649235595,0.047221554649235595,baseline,baseline,hemisphere,0.0,0.0,0.0,hemisphere_P_low_W03
-0.0007281415997088846,0.0,0.0020098873708566975,0.002738028970565582,0.99733418627566,0.99733418627566,0.9975576450560524,0.9975576450560524,0.99563947852366,0.99563947852366,0.9954182614061774,0.9954182614061774,0.0016947077520000245,0.0016947077520000245,0.0021393836498749723,0.0021393836498749723,0.0,True,False,False,0.47154564573508867,0.47154564573508867,0.47025454009612194,0.47059789209694325,0.33203695585324056,0.33203695585324056,0.33677075016282426,0.33677075016282426,P_low,0.939591613509596,0.939591613509596,0.8769408863499895,0.8769408863499895,0.3757190348542365,0.3757190348542365,0.39583575588327424,0.39583575588327424,1.3067658557769752,1.3067658557769752,1.3067658557768769,1.3067658557769752,False,True,True,T30,0.7769589545564974,0.7769589545564974,0.7769589545564988,0.7769589545564974,0.048525869821510526,0.048525869821510526,0.048096404079574814,0.048096404079574814,5,5,hemisphere,0.0,0.0009645820901948432,0.0,hemisphere_P_low_W04
-0.0008530670978441028,0.0,0.010682524916801954,0.011535592014646056,0.9936795512658346,0.9936795512658346,0.9938402749096086,0.9938402749096086,0.9936795512658346,0.9936795512658346,0.9938402749096086,0.9938402749096086,0.0,0.0,0.0,0.0,0.0,True,False,False,0.4452204484307422,0.4452204484307422,0.4400845669810674,0.44046436989691107,0.36153555514497165,0.36153555514497165,0.35908253972923915,0.35908253972923915,P_low,0.8630380819299523,0.8630380819299523,0.8614358315829745,0.8614358315829745,0.5028736633039205,0.5028736633039205,0.49686095805104513,0.49686095805104513,0.9295391324442019,0.9295391324442019,0.929539132444213,0.9295391324442019,False,True,True,T30,0.6977379621560936,0.6977379621560936,0.6977379621560975,0.6977379621560936,0.04746786887098051,0.04746786887098051,0.047112546601398485,0.047112546601398485,13,13,hemisphere,0.0,0.0007660494697786513,0.0,hemisphere_P_low_W05
0.0005117980321219427,0.0,0.009302528247831338,0.008790730215709397,0.9957755399829825,0.9957755399829825,0.9956148163392086,0.9956148163392086,0.995132645407887,0.995132645407887,0.9949719217641131,0.9949719217641131,0.000642894575095525,0.000642894575095525,0.000642894575095525,0.000642894575095525,0.0,True,True,True,0.5033426792577412,0.5033426792577412,0.4989179295583341,0.498660319765607,0.4303837938337558,0.4303837938337558,0.4306610971615404,0.4306610971615404,P_low,0.6189189809607683,0.6189189809607683,0.6406366187367856,0.6406366187367856,0.8376555940071145,0.8376555940071145,0.8395370239425393,0.8395370239425393,0.9078143619821772,0.9078143619821772,0.9044939422138265,0.9044939422138265,False,True,True,T30,0.7724069405668791,0.7724069405668791,0.7706963865234894,0.7706963865234894,0.047178380016081545,0.047178380016081545,0.047335703725802106,0.047335703725802106,19,19,hemisphere,0.0,0.0005264973307336218,0.0,hemisphere_P_low_W06
-0.0001621619176586375,0.0,0.029443523420941725,0.029605685338600363,0.9968980253568458,0.9968980253568458,0.9971623324347392,0.9971623324347392,0.9955764899673795,0.9955764899673795,0.9958407970452728,0.9958407970452728,0.001321535389466336,0.001321535389466336,0.001321535389466336,0.001321535389466336,0.0,True,False,False,0.7370880411316063,0.7370880411316063,0.7152660445190187,0.7153855721292518,0.6931781356177695,0.6931781356177695,0.6695887515955828,0.6695887515955828,P_low,0.4740414753986046,0.4740414753986046,0.5186215729077795,0.5186215729077795,1.0486703881049038,1.0486703881049038,1.054680433047111,1.054680433047111,0.5663887974241133,0.5663887974241133,0.5663887974241373,0.5663887974241133,False,True,True,T30,0.5269783548149777,0.5269783548149777,0.5269783548150924,0.5269783548149777,0.049534456837117886,0.049534456837117886,0.0487356420370221,0.0487356420370221,11,11,hemisphere,0.0,0.0005616655890190447,0.0,hemisphere_P_low_W07
-0.0003442617463137119,0.0,0.01057410919983082,0.010918370946144533,0.9935848752759462,0.9935848752759462,0.9935848752759462,0.9935848752759462,0.9935848752759462,0.9935848752759462,0.9935848752759462,0.9935848752759462,0.0,0.0,0.0,0.0,0.0,True,False,False,0.43130677381864885,0.43130677381864885,0.426597606470512,0.4267460888936637,0.3909760363816805,0.3909760363816805,0.3866158808353661,0.3866158808353661,P_low,0.8086514257982051,0.8086514257982051,0.8086573541561481,0.8086573541561481,0.2662115163347498,0.2662115163347498,0.2662115163347505,0.2662115163347505,1.1570389201131503,1.1570389201131503,1.1570389201133238,1.1570389201131503,False,True,True,T30,0.6513913137996061,0.6513913137996061,0.65139131379986,0.6513913137996061,0.04800248872226003,0.04800248872226003,0.04749689031086168,0.04749689031086168,6,6,hemisphere,0.0,0.00029310971190410484,0.0,hemisphere_P_low_W08
0.00037354695759903077,0.0,0.010610174257874456,0.010236627300275426,0.9930728541052197,0.9930728541052197,0.9935517343624978,0.9935517343624978,0.9930728541052197,0.9930728541052197,0.9933910107187239,0.9933910107187239,0.0,0.0,0.00016072364377388144,0.00016072364377388144,0.0,True,True,True,0.36323004145393906,0.36323004145393906,0.3595117908953115,0.3593761074184178,0.32893309415420247,0.32893309415420247,0.3251801503140831,0.3251801503140831,P_low,0.7027769890113797,0.7027769890113797,0.7170374343719453,0.7170374343719453,0.3654445761533146,0.3654445761533146,0.37091938137290165,0.37091938137290165,1.4485522737077132,1.4485522737077132,1.4500426910715651,1.4500426910715651,False,True,True,T30,0.8958725313360815,0.8958725313360815,0.8942243058014001,0.8942243058014001,0.04783016136060836,0.04783016136060836,0.04730270253413433,0.04730270253413433,15,15,hemisphere,0.0,0.0002408040695804914,0.0,hemisphere_P_low_W09
-5.410551429125665e-05,0.0,0.002719555258402921,0.0027736607726941776,0.9976325449856752,0.9976325449856752,0.9976325449856752,0.9976325449856752,0.9955910297074412,0.9955910297074412,0.9955910297074412,0.9955910297074412,0.0020415152782340008,0.0020415152782340008,0.0020415152782340008,0.0020415152782340008,0.0,True,False,False,0.24767738664021188,0.24767738664021188,0.24699041358860452,0.247003814300987,0.2518768031961977,0.2518768031961977,0.24890276701241804,0.24890276701241804,P_mid,0.7875469127897463,0.7875469127897463,0.8043817614318236,0.8043817614318236,0.9102280272108453,0.9102280272108453,0.9102280272108441,0.9102280272108441,2.1850468223404502,2.1850468223404502,2.1850468223404502,2.1850468223404502,False,True,True,T27,0.7517985704497259,0.7517985704497259,0.7510606252204821,0.7510606252204821,0.047221554649235505,0.047221554649235505,0.04667339553110376,0.04667339553110376,12,12,hemisphere,0.0,0.0005429019287704895,0.0,hemisphere_P_mid_W00
0.00040030606605381645,0.0,0.015259835834312107,0.01485952976825829,0.9936080951159177,0.9936080951159177,0.9933301862079141,0.9933301862079141,0.992774368391907,0.992774368391907,0.992774368391907,0.992774368391907,0.0008337267240107142,0.0008337267240107142,0.0005558178160071428,0.0005558178160071428,0.0,True,True,True,0.27444265807663637,0.27444265807663637,0.27036456922926666,0.27025470816845465,0.252413177627237,0.252413177627237,0.24381719341924576,0.24381719341924576,P_mid,0.7042123836611506,0.7042123836611506,0.7145945587429109,0.7145945587429109,2.4283705054572216,2.4283705054572216,2.4322889564745447,2.4322889564745447,2.0848787688619206,2.0848787688619206,2.086808002919467,2.086808002919467,False,True,True,T27,0.6663234382700965,0.6663234382700965,0.6676775562363698,0.6676775562363698,0.04669519228676878,0.04669519228676878,0.04655891922097186,0.04655891922097186,15,15,hemisphere,0.0,0.0003584667121152574,0.0,hemisphere_P_mid_W01
-0.0008114196553376409,0.0,0.017804708612991077,0.01861612826832872,0.993128015974775,0.993128015974775,0.993128015974775,0.993128015974775,0.993128015974775,0.993128015974775,0.993128015974775,0.993128015974775,0.0,0.0,0.0,0.0,0.0,True,False,False,0.3288975591954704,0.3288975591954704,0.3227747600463473,0.3230416339904711,0.320009135006278,0.320009135006278,0.3234961486621784,0.3234961486621784,P_mid,0.8954467900783288,0.8954467900783288,0.8932312007975659,0.8932312007975659,2.7773182472090583,2.7773182472090583,2.7748214710524484,2.7748214710524484,1.603111048040289,1.603111048040289,1.6031110480403294,1.603111048040289,False,True,True,T27,0.37195656667848076,0.37195656667848076,0.37195656667852084,0.37195656667848076,0.04689527986924526,0.04689527986924526,0.046775903965254544,0.046775903965254544,13,13,hemisphere,0.0,0.0004703835968012937,0.0,hemisphere_P_mid_W02
0.0,0.0,0.0,0.0,0.9976325449856752,0.9976325449856752,0.9976325449856752,0.9976325449856752,0.9955910297074412,0.9955910297074412,0.9955910297074412,0.9955910297074412,0.002041515278234001,0.002041515278234001,0.002041515278234001,0.002041515278234001,0.0,False,False,False,1.154634484423539,1.154634484423539,1.154634484423539,1.154634484423539,0.8455926853651864,0.8455926853651864,0.8455926853651864,0.8455926853651864,P_mid,0.37278800351867347,0.37278800351867347,0.37278800351867347,0.37278800351867347,2.131263054350783,2.131263054350783,2.131263054350783,2.131263054350783,1.392418688058595,1.392418688058595,1.392418688058595,1.392418688058595,False,False,False,T27,0.3172386405219124,0.3172386405219124,0.3172386405219124,0.3172386405219124,0.04722155464923569,0.04722155464923569,0.04722155464923569,0.04722155464923569,baseline,baseline,hemisphere,0.0,0.0,0.0,hemisphere_P_mid_W03
0.0,0.0,0.0,0.0,0.99733418627566,0.99733418627566,0.99733418627566,0.99733418627566,0.99563947852366,0.99563947852366,0.99563947852366,0.99563947852366,0.0016947077520000245,0.0016947077520000245,0.0016947077520000245,0.0016947077520000245,0.0,False,False,False,0.8026627219868667,0.8026627219868667,0.8026627219868667,0.8026627219868667,0.630598978700945,0.630598978700945,0.630598978700945,0.630598978700945,P_mid,0.5256991582469666,0.5256991582469666,0.5256991582469666,0.5256991582469666,1.5979202673345825,1.5979202673345825,1.5979202673345825,1.5979202673345825,1.4098404598239735,1.4098404598239735,1.4098404598239735,1.4098404598239735,False,False,False,T27,0.45977119983830944,0.45977119983830944,0.45977119983830944,0.45977119983830944,0.04852586982151051,0.04852586982151051,0.04852586982151051,0.04852586982151051,baseline,baseline,hemisphere,0.0,0.0,0.0,hemisphere_P_mid_W04
-0.0005939666018955776,0.0,0.00793792583496117,0.008531892436856748,0.9936795512658346,0.9936795512658346,0.9936795512658346,0.9936795512658346,0.9936795512658346,0.9936795512658346,0.9936795512658346,0.9936795512658346,0.0,0.0,0.0,0.0,0.0,True,False,False,0.6001178689960485,0.6001178689960485,0.5949977278883385,0.5953541778597229,0.5457062094260472,0.5457062094260472,0.5417176819462245,0.5417176819462245,P_mid,0.3013140832873297,0.3013140832873297,0.3219604622664408,0.3219604622664408,0.5758914428862304,0.5758914428862304,0.5599351031582362,0.5599351031582362,1.0993084409292782,1.0993084409292782,1.0993084409293048,1.0993084409292782,False,True,True,T27,0.6244154157366328,0.6244154157366328,0.6248384572714163,0.6248384572714163,0.0474678688709805,0.0474678688709805,0.04742372327267518,0.04742372327267518,19,19,hemisphere,0.0,0.0010943760714101636,0.0,hemisphere_P_mid_W05
0.0002232475060587091,0.0,0.009363860169483826,0.009140612663425116,0.9957755399829825,0.9957755399829825,0.996421685070506,0.996421685070506,0.995132645407887,0.995132645407887,0.9949719217641131,0.9949719217641131,0.000642894575095525,0.000642894575095525,0.0014497633063929143,0.0014497633063929143,0.0,True,True,True,0.5318214259490881,0.5318214259490881,0.5269602522883771,0.5268415244813653,0.4943274609296584,0.4943274609296584,0.4909184755479276,0.4909184755479276,P_mid,0.9072869633685167,0.9072869633685167,0.9034587731653653,0.9034587731653653,0.17886662149607577,0.17886662149607577,0.18675952458787176,0.18675952458787176,1.0700958830037943,1.0700958830037943,1.0748706240736419,1.0748706240736419,False,True,True,T27,0.6830788492262143,0.6830788492262143,0.6829347054597577,0.6829347054597577,0.047178380016081614,0.047178380016081614,0.04685841368289272,0.04685841368289272,11,11,hemisphere,0.0,0.00035341480894768296,0.0,hemisphere_P_mid_W06
0.0,0.0,0.0,0.0,0.9968980253568458,0.9968980253568458,0.9968980253568458,0.9968980253568458,0.9955764899673795,0.9955764899673795,0.9955764899673795,0.9955764899673795,0.001321535389466336,0.001321535389466336,0.001321535389466336,0.001321535389466336,0.0,False,False,False,0.6298206676492579,0.6298206676492579,0.6298206676492579,0.6298206676492579,0.6140933635645626,0.6140933635645626,0.6140933635645626,0.6140933635645626,P_mid,0.6971984601761708,0.6971984601761708,0.6971984601761708,0.6971984601761708,1.0177974163298336,1.0177974163298336,1.0177974163298336,1.0177974163298336,0.6324847654131154,0.6324847654131154,0.6324847654131154,0.6324847654131154,False,False,False,T27,0.47741215319063124,0.47741215319063124,0.47741215319063124,0.47741215319063124,0.04953445683711794,0.04953445683711794,0.04953445683711794,0.04953445683711794,baseline,baseline,hemisphere,0.0,0.0,0.0,hemisphere_P_mid_W07
-9.70884516741323e-05,0.0,0.007470840988831579,0.007567929440505711,0.9935848752759462,0.9935848752759462,0.9935848752759462,0.9935848752759462,0.9935848752759462,0.9935848752759462,0.9935848752759462,0.9935848752759462,0.0,0.0,0.0,0.0,0.0,True,False,False,0.458285246444086,0.458285246444086,0.4548169760353724,0.45486147024037477,0.40597081267936586,0.40597081267936586,0.4038995855370338,0.4038995855370338,P_mid,0.8526594340741376,0.8526594340741376,0.8481335409888742,0.8481335409888742,1.040916046764795,1.040916046764795,1.0409160467647949,1.0409160467647949,1.2783003779503583,1.2783003779503583,1.2783003779503805,1.2783003779503583,False,True,True,T27,0.5661041480536562,0.5661041480536562,0.566104148053662,0.5661041480536562,0.04800248872225997,0.04800248872225997,0.0474968903108616,0.0474968903108616,6,6,hemisphere,0.0,0.00030149872357299046,0.0,hemisphere_P_mid_W08
0.00011913260637212442,0.0,0.02077310938243684,0.020653976776064717,0.9930728541052197,0.9930728541052197,0.9935517343624978,0.9935517343624978,0.9930728541052197,0.9930728541052197,0.9933910107187239,0.9933910107187239,0.0,0.0,0.00016072364377388144,0.00016072364377388144,0.0,True,True,True,0.3992475457729036,0.3992475457729036,0.3910014962346092,0.3909539328338936,0.3784666721700223,0.3784666721700223,0.366848854735288,0.366848854735288,P_mid,0.7208460886549996,0.7208460886549996,0.7240174298836916,0.7240174298836916,1.1499680159524623,1.1499680159524623,1.1432039260298494,1.1432039260298494,1.5698958834355534,1.5698958834355534,1.5709461722054219,1.5709461722054219,False,True,True,T27,0.6793872837854112,0.6793872837854112,0.6790804820231541,0.6790804820231541,0.04783016136060841,0.04783016136060841,0.04730270253413445,0.04730270253413445,15,15,hemisphere,0.0,0.00020410127319925309,0.0,hemisphere_P_mid_W09
0.00011969895404686914,0.0,0.06101836385577423,0.06089866490172736,0.9932187441162591,0.9932187441162591,0.9944042575972375,0.9944042575972375,0.9920332306352807,0.9920332306352807,0.9920332306352807,0.9920332306352807,0.00118551348097842,0.00118551348097842,0.00237102696195684,0.00237102696195684,0.0,True,True,True,0.16613037814745343,0.16613037814745343,0.15601325991865442,0.15599337428615476,0.132970396085018,0.132970396085018,0.1291367297746198,0.1291367297746198,P_high,0.9378033137902031,0.9378033137902031,0.9437252474754108,0.9437252474754108,1.9017716374020026,1.9017716374020026,1.8983853185426303,1.8983853185426303,1.1445390724858653,1.1445390724858653,1.1474872852667763,1.1474872852667763,False,True,True,T10,0.971606758235575,0.971606758235575,0.9723832125996852,0.9723832125996852,0.04904004029692826,0.04904004029692826,0.04833289828142069,0.04833289828142069,12,12,saddle,0.0,5.222827183626322e-05,0.0,saddle_P_high_W00
0.00028746521270370056,0.0,0.003348252427065634,0.0030607872143619333,0.9876576300158606,0.9876576300158606,0.9882313425004375,0.9882313425004375,0.9876576300158606,0.9876576300158606,0.9882313425004375,0.9882313425004375,0.0,0.0,0.0,0.0,0.0,True,True,True,0.147650457284491,0.147650457284491,0.14719853065263994,0.14715608628253085,0.13925823858384628,0.13925823858384628,0.13807952498929335,0.13807952498929335,P_high,0.8475719990057141,0.8475719990057141,0.8559681612660949,0.8559681612660949,1.0230467449379124,1.0230467449379124,1.025757121391619,1.025757121391619,1.367597565349377,1.367597565349377,1.367597565349378,1.367597565349377,False,True,True,T10,0.8850530010156977,0.8850530010156977,0.8850530010156977,0.8850530010156977,0.0468101581140737,0.0468101581140737,0.04665206121848783,0.04665206121848783,20,20,saddle,0.0,0.00013859458921761103,0.0,saddle_P_high_W01
0.0,0.0,0.0,0.0,0.9858487976857729,0.9858487976857729,0.9858487976857729,0.9858487976857729,0.9858487976857729,0.9858487976857729,0.9858487976857729,0.9858487976857729,0.0,0.0,0.0,0.0,0.0,False,False,False,0.15816017372941385,0.15816017372941385,0.15816017372941385,0.15816017372941385,0.15144132567078541,0.15144132567078541,0.15144132567078541,0.15144132567078541,P_high,0.7703895041206686,0.7703895041206686,0.7703895041206686,0.7703895041206686,1.1759660068944175,1.1759660068944175,1.1759660068944175,1.1759660068944175,1.4223072892793676,1.4223072892793676,1.4223072892793676,1.4223072892793676,False,False,False,T10,0.8725099218322305,0.8725099218322305,0.8725099218322305,0.8725099218322305,0.04816480038405495,0.04816480038405495,0.04816480038405495,0.04816480038405495,baseline,baseline,saddle,0.0,0.0,0.0,saddle_P_high_W02
2.927907021646019e-06,0.0,0.03237607774960054,0.03237314984257889,0.9921670141597018,0.9921670141597018,0.9944770721794962,0.9944770721794962,0.990422907158716,0.990422907158716,0.990422907158716,0.990422907158716,0.0017441070009858093,0.0017441070009858093,0.004054165020780296,0.004054165020780296,0.0,True,True,True,0.2078711763027938,0.2078711763027938,0.20114173156439033,0.20114112293691364,0.19397272218963774,0.19397272218963774,0.1828570421106927,0.1828570421106927,P_high,0.6917714894465132,0.6917714894465132,0.7247562562290459,0.7247562562290459,1.8409784533618472,1.8409784533618472,1.8409784533619746,1.8409784533619746,1.2256808946758166,1.2256808946758166,1.2259759156587027,1.2259759156587027,False,True,True,T10,0.9838821828505696,0.9838821828505696,0.9850977291529538,0.9850977291529538,0.04745132947362692,0.04745132947362692,0.04733534019938689,0.04733534019938689,2,2,saddle,0.0,1.07674774003641e-05,0.0,saddle_P_high_W03
-2.796886998260981e-05,0.0,0.025886614552495194,0.025914583422477804,0.988524942139395,0.988524942139395,0.988826917346253,0.988826917346253,0.988222966932537,0.988222966932537,0.988524942139395,0.988524942139395,0.0003019752068580255,0.0003019752068580255,0.0003019752068580255,0.0003019752068580255,0.0,True,False,False,0.13390184691117954,0.13390184691117954,0.13043183632897593,0.13043558141232262,0.13223738810205654,0.13223738810205654,0.12828270507447748,0.12828270507447748,P_high,0.7028342748603321,0.7028342748603321,0.6975009000955871,0.6975009000955871,0.6926979450753279,0.6926979450753279,0.69134880630112,0.69134880630112,1.6305947525472728,1.6305947525472728,1.6305947525472728,1.6305947525472728,False,True,True,T10,0.74244364068826,0.74244364068826,0.74244364068826,0.74244364068826,0.04816421901077504,0.04816421901077504,0.04766912708770383,0.04766912708770383,21,21,saddle,0.0,2.9889839821883868e-05,0.0,saddle_P_high_W04
0.0007105895173269314,0.0,0.026467714525335664,0.02575712500800873,0.9868359968783824,0.9868359968783824,0.9873979368624795,0.9873979368624795,0.9868359968783824,0.9868359968783824,0.987114986560685,0.987114986560685,0.0,0.0,0.00028295030179448683,0.00028295030179448683,0.0,True,True,True,0.16058093920720365,0.16058093920720365,0.15644483588214025,0.1563307287500571,0.15848462939580246,0.15848462939580246,0.1545715178032869,0.1545715178032869,P_high,0.7919183109193288,0.7919183109193288,0.7935328378436388,0.7935328378436388,1.6087099484597562,1.6087099484597562,1.6159190911731809,1.6159190911731809,1.4341468633470447,1.4341468633470447,1.4341468633470456,1.4341468633470447,False,True,True,T10,0.9013516924245791,0.9013516924245791,0.9013516924245791,0.9013516924245791,0.0492231672477149,0.0492231672477149,0.04866396178968443,0.04866396178968443,5,5,saddle,0.0,0.00028769679639850665,0.0,saddle_P_high_W05
-0.00018483432788239134,0.0,0.04718930685800915,0.04737414118589154,0.986348510741967,0.986348510741967,0.9866392204497414,0.9866392204497414,0.9860578010341929,0.9860578010341929,0.9863485107419673,0.9863485107419673,0.00029070970777415336,0.00029070970777415336,0.00029070970777415336,0.00029070970777415336,0.0,True,False,False,0.1414090251979389,0.1414090251979389,0.13470989407325246,0.13473603131538142,0.13811706517037628,0.13811706517037628,0.13135901109207307,0.13135901109207307,P_high,0.834262754726156,0.834262754726156,0.8468790700279029,0.8468790700279029,2.489357443324986,2.489357443324986,2.5005371318615692,2.5005371318615692,1.471254607689331,1.471254607689331,1.4712546076935356,1.4712546076935356,False,True,True,T10,0.7961584692853454,0.7961584692853454,0.7961584692853442,0.7961584692853442,0.04639454254829031,0.04639454254829031,0.04597135944769619,0.04597135944769619,5,5,saddle,0.0,8.66087988953268e-05,0.0,saddle_P_high_W06
-0.00028484749604168344,0.0,0.032637691297719186,0.032922538793760864,0.9864833820339661,0.9864833820339661,0.9864833820339661,0.9864833820339661,0.9864833820339661,0.9864833820339661,0.9864833820339661,0.9864833820339661,0.0,0.0,0.0,0.0,0.0,True,False,False,0.1937864905031788,0.1937864905031788,0.18740654725188113,0.18746174684846767,0.1782283561905546,0.1782283561905546,0.17030678089826284,0.17030678089826284,P_high,0.8531316494476667,0.8531316494476667,0.8582956615503616,0.8582956615503616,2.2735952776001445,2.2735952776001445,2.2839670105980985,2.2839670105980985,1.383659327807206,1.383659327807206,1.3837942832057175,1.3837942832057175,False,True,True,T10,0.7470501671124065,0.7470501671124065,0.7470501671124065,0.7470501671124065,0.04988796696232318,0.04988796696232318,0.04930354702537851,0.04930354702537851,0,0,saddle,0.0,0.00017565951254550072,0.0,saddle_P_high_W07
4.5166466297813575e-05,0.0,0.00301766345384701,0.0029724969875491968,0.9863783708427762,0.9863783708427762,0.9866652270850648,0.9866652270850648,0.9863783708427762,0.9863783708427762,0.9863783708427762,0.9863783708427762,0.0,0.0,0.0002868562422884718,0.0002868562422884718,0.0,True,True,True,0.20510069984382492,0.20510069984382492,0.20449103863139492,0.20448177495754777,0.18503827855282431,0.18503827855282431,0.1845427279422063,0.1845427279422063,P_high,0.7470412138506002,0.7470412138506002,0.7522808439324687,0.7522808439324687,1.5247420644783034,1.5247420644783034,1.5247420681664798,1.5247420681664798,1.1814011105928017,1.1814011105928017,1.1814011105928017,1.1814011105928017,False,True,True,T10,0.9479296332243635,0.9479296332243635,0.9479296332243634,0.9479296332243635,0.04833539204434844,0.04833539204434844,0.04806598155712639,0.04806598155712639,9,9,saddle,0.0,1.4994372691923274e-05,0.0,saddle_P_high_W08
0.00013501691161942392,0.0,0.021369526512803588,0.021234509601184164,0.9891587423483825,0.9891587423483825,0.9897626927620986,0.9897626927620986,0.9891587423483825,0.9891587423483825,0.9897626927620986,0.9897626927620986,0.0,0.0,0.0,0.0,0.0,True,True,True,0.20490482538517601,0.20490482538517601,0.20055377190320553,0.2005261062865061,0.1804617763902008,0.1804617763902008,0.17691637234292362,0.17691637234292362,P_high,0.7821973770978344,0.7821973770978344,0.7786471633287584,0.7786471633287584,1.8885345959756357,1.8885345959756357,1.8998791256615404,1.8998791256615404,1.0968997578732935,1.0968997578732935,1.0968997578732935,1.0968997578732935,False,True,True,T10,0.9338323877661007,0.9338323877661007,0.9338323877661008,0.9338323877661008,0.04915920156702293,0.04915920156702293,0.04856397272677576,0.04856397272677576,16,16,saddle,0.0,4.225687318148985e-05,0.0,saddle_P_high_W09
4.6591332356656954e-05,0.0,0.04665483175570709,0.046608240423350426,0.9932187441162591,0.9932187441162591,0.9935132568742993,0.9935132568742993,0.9920332306352807,0.9920332306352807,0.9920332306352807,0.9920332306352807,0.00118551348097842,0.00118551348097842,0.0014800262390185514,0.0014800262390185514,0.0,True,True,True,0.1627289475444313,0.1627289475444313,0.15514443763344166,0.15513685587496256,0.13756525043887555,0.13756525043887555,0.136355627129461,0.136355627129461,P_low,0.9290497549985683,0.9290497549985683,0.9281308901211626,0.9281308901211626,0.9041483521731354,0.9041483521731354,0.9050177411260117,0.9050177411260117,1.1621252727827844,1.1621252727827844,1.165065476216851,1.165065476216851,False,True,True,T17,0.6998427461263814,0.6998427461263814,0.7002530855549679,0.7002530855549679,0.049040040296928405,0.049040040296928405,0.04827211600942279,0.04827211600942279,22,22,saddle,0.0,3.329080546121688e-05,0.0,saddle_P_low_W00
0.00021252262906168386,0.0,0.004025617704318202,0.0038130950752565188,0.9876576300158606,0.9876576300158606,0.9882313425004375,0.9882313425004375,0.9876576300158606,0.9876576300158606,0.9882313425004375,0.9882313425004375,0.0,0.0,0.0,0.0,0.0,True,True,True,0.21177389158290127,0.21177389158290127,0.2109663775998386,0.21092137085563278,0.18884878935706523,0.18884878935706523,0.18788468935998054,0.18788468935998054,P_low,0.8732035770995414,0.8732035770995414,0.8809651842520222,0.8809651842520222,0.31503943955571045,0.31503943955571045,0.31400811018159186,0.31400811018159186,1.2909945793110658,1.2909945793110658,1.290994579311065,1.2909945793110658,False,True,True,T17,0.7582479249695921,0.7582479249695921,0.758247924969592,0.7582479249695921,0.04681015811407375,0.04681015811407375,0.04665206121848789,0.04665206121848789,20,20,saddle,0.0,0.00014400912589707104,0.0,saddle_P_low_W01
0.00027008763293890617,0.0,0.003694269687287358,0.003424182054348452,0.9858487976857729,0.9858487976857729,0.9866976485911565,0.9866976485911565,0.9858487976857729,0.9858487976857729,0.9866976485911565,0.9866976485911565,0.0,0.0,0.0,0.0,0.0,True,True,True,0.22479119883917295,0.22479119883917295,0.22402147285013238,0.2239607595273324,0.200451885220376,0.200451885220376,0.19957677498658494,0.19957677498658494,P_low,0.7653625196310829,0.7653625196310829,0.772336219348895,0.772336219348895,0.2190112978445507,0.2190112978445507,0.21679664037337715,0.21679664037337715,1.329861426928038,1.329861426928038,1.329861426928035,1.329861426928038,False,True,True,T17,0.7480518951182208,0.7480518951182208,0.748051895122005,0.748051895122005,0.048164800384054914,0.048164800384054914,0.047984810076266676,0.047984810076266676,12,12,saddle,0.0,0.00018380561039554877,0.0,saddle_P_low_W02
4.591297014074772e-05,0.0,0.01959317952222618,0.019547266552085434,0.9921670141597018,0.9921670141597018,0.9930467493835562,0.9930467493835562,0.990422907158716,0.990422907158716,0.990422907158716,0.990422907158716,0.0017441070009858093,0.0017441070009858093,0.002623842224840226,0.002623842224840226,0.0,True,True,True,0.18362371324185242,0.18362371324185242,0.18003437157383023,0.18002594086376703,0.17263106870193917,0.17263106870193917,0.1662796168941002,0.1662796168941002,P_low,0.5779122598182691,0.5779122598182691,0.6433893419283704,0.6433893419283704,0.9236621954932551,0.9236621954932551,0.9244116177852805,0.9244116177852805,1.217987484690168,1.217987484690168,1.2203069783770788,1.2203069783770788,False,True,True,T17,0.7055495554901376,0.7055495554901376,0.7058913045400257,0.7058913045400257,0.04745132947362691,0.04745132947362691,0.04757967111030219,0.04757967111030219,10,10,saddle,0.0,2.3364106753298586e-05,0.0,saddle_P_low_W03
0.00015105130509902477,0.0,0.017586142644150763,0.017435091339051738,0.988524942139395,0.988524942139395,0.988222966932537,0.988222966932537,0.988222966932537,0.988222966932537,0.9879209917256789,0.9879209917256789,0.0003019752068580255,0.0003019752068580255,0.0003019752068580255,0.0003019752068580255,0.0,True,True,True,0.1618828982879799,0.1618828982879799,0.15906045517009854,0.15903600254703892,0.14249145299448787,0.14249145299448787,0.1396163955821771,0.1396163955821771,P_low,0.6688036103552493,0.6688036103552493,0.6774036870193513,0.6774036870193513,0.5542512786940833,0.5542512786940833,0.5549619951420486,0.5549619951420486,1.4862495864849508,1.4862495864849508,1.486249586484951,1.4862495864849508,False,True,True,T17,0.7350489770401544,0.7350489770401544,0.7354417675092241,0.7354417675092241,0.04816421901077516,0.04816421901077516,0.047277212587796796,0.047277212587796796,0,0,saddle,0.0,4.716348995570385e-05,0.0,saddle_P_low_W04
0.00036408060703975995,0.0,0.012925420721518524,0.012561340114478764,0.9868359968783824,0.9868359968783824,0.9873939762429876,0.9873939762429876,0.9868359968783824,0.9868359968783824,0.9873939762429876,0.9873939762429876,0.0,0.0,0.0,0.0,0.0,True,True,True,0.23416749876206658,0.23416749876206658,0.23122604116635948,0.2311407853212612,0.204370146305916,0.204370146305916,0.20148922261839783,0.20148922261839783,P_low,0.7731929156854007,0.7731929156854007,0.7893356226926641,0.7893356226926641,0.10714646040092646,0.10714646040092646,0.10081473187967624,0.10081473187967624,1.4093645857808161,1.4093645857808161,1.409364585780814,1.4093645857808161,False,True,True,T17,0.687004879472587,0.687004879472587,0.6872651194403553,0.6872651194403553,0.049223167247714895,0.049223167247714895,0.048511575914752754,0.048511575914752754,10,10,saddle,0.0,0.00015188190664749968,0.0,saddle_P_low_W05
-0.0003016847614330913,0.0,0.013710918745575966,0.014012603507009056,0.986348510741967,0.986348510741967,0.9866392204497414,0.9866392204497414,0.9860578010341929,0.9860578010341929,0.9863485107419673,0.9863485107419673,0.00029070970777415336,0.00029070970777415336,0.00029070970777415336,0.00029070970777415336,0.0,True,False,False,0.16899737176774177,0.16899737176774177,0.1666292786034338,0.16668026253521837,0.13799980424414707,0.13799980424414707,0.13550285020669056,0.13550285020669056,P_low,0.8182237474649477,0.8182237474649477,0.8297948827240926,0.8297948827240926,1.0200385474904818,1.0200385474904818,1.019656137387198,1.019656137387198,1.419477636662327,1.419477636662327,1.4194776366127995,1.4194776366127995,False,True,True,T17,0.6277823629239384,0.6277823629239384,0.6277823629239384,0.6277823629239384,0.04639454254829027,0.04639454254829027,0.04597135944769611,0.04597135944769611,5,5,saddle,0.0,8.973431642322893e-05,0.0,saddle_P_low_W06
-0.00011116575214197644,0.0,0.01154326698553808,0.011654432737680057,0.9864833820339661,0.9864833820339661,0.9864833820339661,0.9864833820339661,0.9864833820339661,0.9864833820339661,0.9864833820339661,0.9864833820339661,0.0,0.0,0.0,0.0,0.0,True,False,False,0.23451524307535848,0.23451524307535848,0.23178210094897603,0.23180817101236126,0.19738797520324797,0.19738797520324797,0.19758254899871838,0.19758254899871838,P_low,0.6961895580092605,0.6961895580092605,0.6887392658763497,0.6887392658763497,0.22089808503338146,0.22089808503338146,0.22032463257500762,0.22032463257500762,1.2247856438847764,1.2247856438847764,1.2258368352649347,1.2258368352649347,False,True,True,T17,0.6193849363675556,0.6193849363675556,0.6193849363675556,0.6193849363675556,0.049887966962323164,0.049887966962323164,0.049283412596372866,0.049283412596372866,12,12,saddle,0.0,4.8750762568605666e-05,0.0,saddle_P_low_W07
2.572408649062771e-05,0.0,0.03208318621010651,0.032057462123615876,0.9863783708427762,0.9863783708427762,0.9869748588076744,0.9869748588076744,0.9863783708427762,0.9863783708427762,0.9863783708427762,0.9863783708427762,0.0,0.0,0.0005964879648981573,0.0005964879648981573,0.0,True,True,True,0.19473403994726854,0.19473403994726854,0.18849136083748028,0.188486351482194,0.17336364088160125,0.17336364088160125,0.16742873120067248,0.16742873120067248,P_low,0.6383359902235176,0.6383359902235176,0.6288218331014422,0.6288218331014422,0.9046155112601794,0.9046155112601794,0.9069430975184959,0.9069430975184959,1.1253515528694908,1.1253515528694908,1.1253515528694908,1.1253515528694908,False,True,True,T17,0.690885987320492,0.690885987320492,0.690885987320492,0.690885987320492,0.04833539204434835,0.04833539204434835,0.047371411679460906,0.047371411679460906,4,4,saddle,0.0,9.44026690463673e-06,0.0,saddle_P_low_W08
0.00016409058675736165,0.0,0.010293067872951162,0.0101289772861938,0.9891587423483825,0.9891587423483825,0.9894607175552406,0.9894607175552406,0.9891587423483825,0.9891587423483825,0.9894607175552406,0.9894607175552406,0.0,0.0,0.0,0.0,0.0,True,True,True,0.17959784703879422,0.17959784703879422,0.17777870452548897,0.177749234209388,0.15560715372015677,0.15560715372015677,0.1532245592377703,0.1532245592377703,P_low,0.6632555144477092,0.6632555144477092,0.6696040042947663,0.6696040042947663,0.7975279851833906,0.7975279851833906,0.7971268031380981,0.7971268031380981,1.1031353686550078,1.1031353686550078,1.103135368655007,1.1031353686550078,False,True,True,T17,0.6879336773759819,0.6879336773759819,0.6879336773759821,0.6879336773759821,0.04915920156702288,0.04915920156702288,0.04843303168994856,0.04843303168994856,0,0,saddle,0.0,5.359506579249995e-05,0.0,saddle_P_low_W09
0.00011542653979501845,0.0,0.05012861203867113,0.050013185498876116,0.9932187441162591,0.9932187441162591,0.9935132568742993,0.9935132568742993,0.9920332306352807,0.9920332306352807,0.9920332306352807,0.9920332306352807,0.00118551348097842,0.00118551348097842,0.0014800262390185514,0.0014800262390185514,0.0,True,True,True,0.1691451124149838,0.1691451124149838,0.16068562653154497,0.16066610269649567,0.1401694380875204,0.1401694380875204,0.1368036286444606,0.1368036286444606,P_mid,0.9561000014775767,0.9561000014775767,0.9601256910378697,0.9601256910378697,1.492006347818501,1.492006347818501,1.4912697491609461,1.4912697491609461,0.9774170712093069,0.9774170712093069,0.9806721748199729,0.9806721748199729,False,True,True,T21,0.9238665518014387,0.9238665518014387,0.9243979945486416,0.9243979945486416,0.04904004029692822,0.04904004029692822,0.048272116009422515,0.048272116009422515,22,22,saddle,0.0,4.3710512092065557e-05,0.0,saddle_P_mid_W00
0.0003551260824914842,0.0,0.004951757447749243,0.004596631365257759,0.9876576300158606,0.9876576300158606,0.9882313425004375,0.9882313425004375,0.9876576300158606,0.9876576300158606,0.9882313425004375,0.9882313425004375,0.0,0.0,0.0,0.0,0.0,True,True,True,0.14884223072967273,0.14884223072967273,0.14815805786342578,0.14810520010511746,0.13976717778467596,0.13976717778467596,0.13860976706295872,0.13860976706295872,P_mid,0.9571416477684077,0.9571416477684077,0.9633850105125266,0.9633850105125266,0.6106667507647682,0.6106667507647682,0.6179684817970051,0.6179684817970051,1.2302117089119298,1.2302117089119298,1.2302117089119307,1.2302117089119298,False,True,True,T21,0.9342723920401035,0.9342723920401035,0.9342723920401035,0.9342723920401035,0.04681015811407373,0.04681015811407373,0.04665206121848786,0.04665206121848786,20,20,saddle,0.0,0.00013985843198316417,0.0,saddle_P_mid_W01
-0.00017624809247461442,0.0,0.004159895647944083,0.0043361437404186975,0.9858487976857729,0.9858487976857729,0.9866976485911565,0.9866976485911565,0.9858487976857729,0.9858487976857729,0.9866976485911565,0.9866976485911565,0.0,0.0,0.0,0.0,0.0,True,False,False,0.155204380671469,0.155204380671469,0.15453139216773484,0.1545587466437719,0.1476205113937076,0.1476205113937076,0.1466127520471087,0.1466127520471087,P_mid,0.8783950178601007,0.8783950178601007,0.8847380961555804,0.8847380961555804,0.7255187844285497,0.7255187844285497,0.7349895330152015,0.7349895330152015,1.2812621362065117,1.2812621362065117,1.2812621361928098,1.2812621361928098,False,True,True,T21,0.9425036532607383,0.9425036532607383,0.9425036532607383,0.9425036532607383,0.04816480038405493,0.04816480038405493,0.04798481007626669,0.04798481007626669,12,12,saddle,0.0,0.00017960831833541135,0.0,saddle_P_mid_W02
-5.122729401344789e-06,0.0,0.006028219356559705,0.00603334208596105,0.9921670141597018,0.9921670141597018,0.9924615269177419,0.9924615269177419,0.990422907158716,0.990422907158716,0.990422907158716,0.990422907158716,0.0017441070009858093,0.0017441070009858093,0.002038619759025941,0.002038619759025941,0.0,True,False,False,0.1915642403942996,0.1915642403942996,0.1904084678005635,0.19040944913233002,0.1739295694916495,0.1739295694916495,0.17036032727601014,0.17036032727601014,P_mid,0.6987689445295767,0.6987689445295767,0.7189790667160246,0.7189790667160246,1.4866451950536868,1.4866451950536868,1.4884520344955012,1.4884520344955012,1.064887732724129,1.064887732724129,1.062263173584471,1.062263173584471,False,True,True,T21,0.9361942761489914,0.9361942761489914,0.9358548642241808,0.9358548642241808,0.047451329473626847,0.047451329473626847,0.04831447530645353,0.04831447530645353,5,5,saddle,0.0,5.969734234145818e-05,0.0,saddle_P_mid_W03
1.9520610589211817e-05,0.0,0.026139377286060063,0.02611985667547085,0.988524942139395,0.988524942139395,0.988222966932537,0.988222966932537,0.988222966932537,0.988222966932537,0.9879209917256789,0.9879209917256789,0.0003019752068580255,0.0003019752068580255,0.0003019752068580255,0.0003019752068580255,0.0,True,True,True,0.15368828225942885,0.15368828225942885,0.14967396635411326,0.14967096626500315,0.14810666756722266,0.14810666756722266,0.1436415417653571,0.1436415417653571,P_mid,0.7854920314514963,0.7854920314514963,0.8077657587216798,0.8077657587216798,0.8400788442954252,0.8400788442954252,0.8400788442955656,0.8400788442955656,1.4827200314936944,1.4827200314936944,1.4827200314936944,1.4827200314936944,False,True,True,T21,0.7914448197422833,0.7914448197422833,0.7914448197422833,0.7914448197422833,0.04816421901077509,0.04816421901077509,0.04727721258779675,0.04727721258779675,0,0,saddle,0.0,4.49717707056152e-05,0.0,saddle_P_mid_W04
0.0005832321189564165,0.0,0.019268031300506697,0.018684799181550284,0.9868359968783824,0.9868359968783824,0.9873979368624795,0.9873979368624795,0.9868359968783824,0.9868359968783824,0.987114986560685,0.987114986560685,0.0,0.0,0.00028295030179448683,0.00028295030179448683,0.0,True,True,True,0.17654412524834331,0.17654412524834331,0.17324543372139556,0.17314246751713766,0.17373270797903834,0.17373270797903834,0.17161729435297435,0.17161729435297435,P_mid,0.7350582845117681,0.7350582845117681,0.7372574958145435,0.7372574958145435,1.2140410396485537,1.2140410396485537,1.2229418583234681,1.2229418583234681,1.2832103701762732,1.2832103701762732,1.2832103701762732,1.2832103701762732,False,True,True,T21,1.0041484256249082,1.0041484256249082,1.0041484256249082,1.0041484256249082,0.04922316724771494,0.04922316724771494,0.048663961789684476,0.048663961789684476,5,5,saddle,0.0,0.000288856265037829,0.0,saddle_P_mid_W05
-0.00019551751950513675,0.0,0.020100344706335885,0.02029586222584102,0.986348510741967,0.986348510741967,0.9866392204497414,0.9866392204497414,0.9860578010341929,0.9860578010341929,0.9863485107419673,0.9863485107419673,0.00029070970777415336,0.00029070970777415336,0.00029070970777415336,0.00029070970777415336,0.0,True,False,False,0.1725781613732163,0.1725781613732163,0.16907553878679654,0.169109280840829,0.1721307844333766,0.1721307844333766,0.16902339430124946,0.16902339430124946,P_mid,0.8452609656986979,0.8452609656986979,0.8586549536606216,0.8586549536606216,2.157430592854229,2.157430592854229,2.1625329506742457,2.1625329506742457,1.3114579375753372,1.3114579375753372,1.31145793757144,1.31145793757144,False,True,True,T21,0.849221111066726,0.849221111066726,0.8492211110667256,0.8492211110667256,0.04639454254829021,0.04639454254829021,0.045971359447696085,0.045971359447696085,5,5,saddle,0.0,8.749663415752451e-05,0.0,saddle_P_mid_W06
-0.0003391457667023947,0.0,0.023630590608388017,0.023969736375090412,0.9864833820339661,0.9864833820339661,0.9864833820339661,0.9864833820339661,0.9864833820339661,0.9864833820339661,0.9864833820339661,0.9864833820339661,0.0,0.0,0.0,0.0,0.0,True,False,False,0.2034911772256202,0.2034911772256202,0.1986135473528653,0.19868256052418265,0.1931752853388381,0.1931752853388381,0.1873218678198871,0.1873218678198871,P_mid,0.8265475969526277,0.8265475969526277,0.8358124280539099,0.8358124280539099,1.974660472388506,1.974660472388506,2.0023736761090922,2.0023736761090922,1.2197498454471543,1.2197498454471543,1.2198816924767977,1.2198816924767977,False,True,True,T21,0.8370942353738707,0.8370942353738707,0.8370942353738707,0.8370942353738707,0.049887966962323095,0.049887966962323095,0.04930354702537853,0.04930354702537853,0,0,saddle,0.0,0.00017500547996673887,0.0,saddle_P_mid_W07
4.648480099514715e-05,0.0,0.029114009636733815,0.02906752483573867,0.9863783708427762,0.9863783708427762,0.9863783708427762,0.9863783708427762,0.9863783708427762,0.9863783708427762,0.9863783708427762,0.9863783708427762,0.0,0.0,0.0,0.0,0.0,True,True,True,0.20417119529722194,0.20417119529722194,0.1982364440071775,0.19822695314979516,0.18341035696842953,0.18341035696842953,0.17692554008231265,0.17692554008231265,P_mid,0.6808776274068419,0.6808776274068419,0.7267354550343627,0.7267354550343627,1.2890995626792514,1.2890995626792514,1.2890995802066731,1.2890995802066731,1.0115461070023155,1.0115461070023155,1.0115461070023155,1.0115461070023155,False,True,True,T21,0.9289182609835285,0.9289182609835285,0.9289182609835285,0.9289182609835285,0.04833539204434844,0.04833539204434844,0.047405107799997286,0.047405107799997286,3,3,saddle,0.0,1.7019424915165615e-05,0.0,saddle_P_mid_W08
0.00012087924875145919,0.0,0.013553560624297223,0.013432681375545763,0.9891587423483825,0.9891587423483825,0.9897626927620986,0.9897626927620986,0.9891587423483825,0.9891587423483825,0.9897626927620986,0.9897626927620986,0.0,0.0,0.0,0.0,0.0,True,True,True,0.20947621438573782,0.20947621438573782,0.2066623871421387,0.20663706581471245,0.18773527936680376,0.18773527936680376,0.18557912500505308,0.18557912500505308,P_mid,0.6917771103522212,0.6917771103522212,0.6832472308276147,0.6832472308276147,1.4483446262614739,1.4483446262614739,1.4560847303069646,1.4560847303069646,0.9192631477420932,0.9192631477420932,0.9192631477420932,0.9192631477420932,False,True,True,T21,0.920932651809882,0.920932651809882,0.920932651809882,0.920932651809882,0.04915920156702301,0.04915920156702301,0.048563972726775886,0.048563972726775886,16,16,saddle,0.0,4.3342173637661574e-05,0.0,saddle_P_mid_W09
