E_NUC,E_miss,E_rep,L_S,abs_E_NUC_error,abs_E_miss_error,abs_E_rep_error,abs_L_S_error,activity_preserved,angle_degrees,evaluation_mode,max_segment_length_error,normal_covariance_error,normal_covariance_pass,path_hash,reference_automorphism_error,sample_count,sample_order_preserved,surface_id,symmetry_id,symmetry_name,topology_hash
0.7565340821980036,0.13163210810861997,0.6249019740893835,6.013931351976433,0.0,0.0,0.0,0.0,True,0.0,transported canonical membership under verified mesh/sample automorphism,0.0,0.0,True,dfd59b447091aeaff80631c22c8666107b122dd297597c00c927793677f70da0,0.0,3171,True,saddle,S00,identity,d2b14db677044f6600678948091dce1f4c0a0ed73f5616368775e0175643ba78
0.7565340821980036,0.13163210810861997,0.6249019740893835,6.013931351976433,0.0,0.0,0.0,0.0,True,,transported canonical membership under verified mesh/sample automorphism,0.0,0.0,True,481b3cecd1169708830f27055a0cc1b4b41f8a0a0d7d6900205629b33f652e86,4.252726876253798e-17,3171,True,saddle,S01,reflect_x,d2b14db677044f6600678948091dce1f4c0a0ed73f5616368775e0175643ba78
0.7565340821980036,0.13163210810861997,0.6249019740893835,6.013931351976433,0.0,0.0,0.0,0.0,True,,transported canonical membership under verified mesh/sample automorphism,0.0,0.0,True,52e0dda227c70c9640338118229d682ad62e12b8dc043c6a584858109c229d55,4.252726876253798e-17,3171,True,saddle,S02,reflect_y,d2b14db677044f6600678948091dce1f4c0a0ed73f5616368775e0175643ba78
0.7565340821980036,0.13163210810861997,0.6249019740893835,6.013931351976433,0.0,0.0,0.0,0.0,True,,transported canonical membership under verified mesh/sample automorphism,0.0,0.0,True,cd05a248b57b61f5f90e8b96e91726d30bbb49efa5fe94997d4c9912c6a9f9fc,5.3072333128159466e-17,3171,True,saddle,S03,rotate_180,d2b14db677044f6600678948091dce1f4c0a0ed73f5616368775e0175643ba78
0.4033100677141819,0.1799848280214877,0.22332523969269416,10.490484665190715,0.0,0.0,0.0,0.0,True,0.0,transported canonical membership under verified mesh/sample automorphism,0.0,0.0,True,989323dd6ebdd3206fcad6f593ad0404d7075517abc48dbe00fc29dfed5b360c,0.0,6340,True,hemisphere,H00,rotation_z,0b9a4e01778c7df1ca58014bef722f08258f879277133b0cee768a7ca743fdd9
0.4033100677141819,0.17998482802148769,0.22332523969269416,10.490484665190715,0.0,2.7755575615628914e-17,0.0,0.0,True,15.0,transported canonical membership under verified mesh/sample automorphism,2.3635607360183997e-17,3.5135752366389115e-16,True,438237548ceb6724298606e88643edeb92705c8bcc03ade5e010763427bac955,1.5959455978986625e-16,6340,True,hemisphere,H01,rotation_z,0b9a4e01778c7df1ca58014bef722f08258f879277133b0cee768a7ca743fdd9
0.4033100677141819,0.1799848280214877,0.22332523969269416,10.490484665190715,0.0,0.0,0.0,0.0,True,30.0,transported canonical membership under verified mesh/sample automorphism,1.951563910473908e-17,3.764949453935611e-16,True,c9a5c1a3a1c14de34fbf1a398db95e98fd5600729f9c1106d51cfbd81957bece,1.5265566588595902e-16,6340,True,hemisphere,H02,rotation_z,0b9a4e01778c7df1ca58014bef722f08258f879277133b0cee768a7ca743fdd9
0.4033100677141819,0.17998482802148769,0.22332523969269416,10.490484665190715,0.0,2.7755575615628914e-17,0.0,0.0,True,45.0,transported canonical membership under verified mesh/sample automorphism,2.4936649967166602e-17,3.554447978966673e-16,True,c8464327f6f4371fe8274c8a08d7437e3e420feb4ad090501d5af8cd5bcdff57,1.6653345369377348e-16,6340,True,hemisphere,H03,rotation_z,0b9a4e01778c7df1ca58014bef722f08258f879277133b0cee768a7ca743fdd9
0.4033100677141819,0.1799848280214877,0.22332523969269416,10.490484665190715,0.0,0.0,0.0,0.0,True,60.0,transported canonical membership under verified mesh/sample automorphism,1.8648277366750676e-17,3.554447978966673e-16,True,a19964a4eabbf5947fd6c2eaad0af0306c9f91251092aff05bfef92f9aaaca48,1.3877787807814457e-16,6340,True,hemisphere,H04,rotation_z,0b9a4e01778c7df1ca58014bef722f08258f879277133b0cee768a7ca743fdd9
0.4033100677141818,0.17998482802148769,0.22332523969269413,10.490484665190715,5.551115123125783e-17,2.7755575615628914e-17,2.7755575615628914e-17,0.0,True,75.0,transported canonical membership under verified mesh/sample automorphism,2.0383000842727483e-17,3.6821932062951477e-16,True,1a379ee2c04997d7fc78aef60a73a7e394bf6f4e7219935d0443159f752028f8,1.5265566588595902e-16,6340,True,hemisphere,H05,rotation_z,0b9a4e01778c7df1ca58014bef722f08258f879277133b0cee768a7ca743fdd9
0.4033100677141819,0.17998482802148769,0.22332523969269416,10.490484665190715,0.0,2.7755575615628914e-17,0.0,0.0,True,90.0,transported canonical membership under verified mesh/sample automorphism,1.1926223897340549e-17,4.041272810440265e-16,True,38eaaaf53094fc58d4364653556af5ff60747c48f4f73141fcc9604312ee37af,1.5959455978986625e-16,6340,True,hemisphere,H06,rotation_z,0b9a4e01778c7df1ca58014bef722f08258f879277133b0cee768a7ca743fdd9
0.4033100677141819,0.17998482802148769,0.22332523969269416,10.490484665190717,0.0,2.7755575615628914e-17,0.0,1.7763568394002505e-15,True,105.0,transported canonical membership under verified mesh/sample automorphism,2.3201926491189795e-17,4.1540741810552243e-16,True,201568a47f37c09017b0c5737ba05a79afd3f84b5fa1cb619480e761c1624f68,1.249000902703301e-16,6340,True,hemisphere,H07,rotation_z,0b9a4e01778c7df1ca58014bef722f08258f879277133b0cee768a7ca743fdd9
0.4033100677141819,0.1799848280214877,0.22332523969269413,10.490484665190715,0.0,0.0,2.7755575615628914e-17,0.0,True,120.0,transported canonical membership under verified mesh/sample automorphism,1.951563910473908e-17,3.7244476670305176e-16,True,c8f1e978684aeca565b0f7bfec5f1632b525a272e5f62e3bbfa18c55004e2986,1.2794688166302258e-16,6340,True,hemisphere,H08,rotation_z,0b9a4e01778c7df1ca58014bef722f08258f879277133b0cee768a7ca743fdd9
0.4033100677141819,0.1799848280214877,0.22332523969269416,10.490484665190715,0.0,0.0,0.0,0.0,True,135.0,transported canonical membership under verified mesh/sample automorphism,2.4936649967166602e-17,3.554447978966673e-16,True,a18333417de6c801ab607e89cc5aba704aa5ba29feddbd3518225e294177ba24,1.3877787807814457e-16,6340,True,hemisphere,H09,rotation_z,0b9a4e01778c7df1ca58014bef722f08258f879277133b0cee768a7ca743fdd9
0.4033100677141819,0.1799848280214877,0.22332523969269413,10.490484665190717,0.0,0.0,2.7755575615628914e-17,1.7763568394002505e-15,True,150.0,transported canonical membership under verified mesh/sample automorphism,1.6479873021779667e-17,3.554447978966673e-16,True,1f972508e389bebec794d29f73b8c51f6d2291ea313c8c25b1c12f7556cb772c,1.734723475976807e-16,6340,True,hemisphere,H10,rotation_z,0b9a4e01778c7df1ca58014bef722f08258f879277133b0cee768a7ca743fdd9
0.4033100677141819,0.17998482802148769,0.22332523969269416,10.490484665190715,0.0,2.7755575615628914e-17,0.0,0.0,True,165.0,transported canonical membership under verified mesh/sample automorphism,2.168404344971009e-17,3.3782153020063144e-16,True,58fd815b6c6098b30416aeb9db9837ccd594378c4daa02658b59ab623ab941f1,1.7388818282700985e-16,6340,True,hemisphere,H11,rotation_z,0b9a4e01778c7df1ca58014bef722f08258f879277133b0cee768a7ca743fdd9
0.4033100677141818,0.17998482802148769,0.22332523969269413,10.490484665190715,5.551115123125783e-17,2.7755575615628914e-17,2.7755575615628914e-17,0.0,True,180.0,transported canonical membership under verified mesh/sample automorphism,9.974659986866641e-18,4.041272810440265e-16,True,2971aae1168094a8735be67a698d1b1a0284cb5fd9e5b7e2643b4fe7c0ef71e7,1.0838898772828417e-16,6340,True,hemisphere,H12,rotation_z,0b9a4e01778c7df1ca58014bef722f08258f879277133b0cee768a7ca743fdd9
0.4033100677141819,0.1799848280214877,0.22332523969269416,10.490484665190715,0.0,0.0,0.0,0.0,True,195.0,transported canonical membership under verified mesh/sample automorphism,2.0383000842727483e-17,3.6821932062951477e-16,True,dd6b07e95c59ef9f1bfcc5602c6c990c8070efb84c1970ff4e0f1af9a26cac6f,1.5959455978986625e-16,6340,True,hemisphere,H13,rotation_z,0b9a4e01778c7df1ca58014bef722f08258f879277133b0cee768a7ca743fdd9
0.4033100677141818,0.17998482802148769,0.22332523969269413,10.490484665190715,5.551115123125783e-17,2.7755575615628914e-17,2.7755575615628914e-17,0.0,True,210.0,transported canonical membership under verified mesh/sample automorphism,1.929879867024198e-17,4.08865160135725e-16,True,1ddc63b1093067fdb092e3c67dcfb8735890de4f0c6862d10faf83d346fac2d3,1.734723475976807e-16,6340,True,hemisphere,H14,rotation_z,0b9a4e01778c7df1ca58014bef722f08258f879277133b0cee768a7ca743fdd9
0.4033100677141819,0.1799848280214877,0.22332523969269416,10.490484665190717,0.0,0.0,0.0,1.7763568394002505e-15,True,225.0,transported canonical membership under verified mesh/sample automorphism,2.1467203015212988e-17,4.490790003631728e-16,True,c2673d0cafdcec00e9043cde991e1f89fe2c29ed08e1e89ade1016b1b2690fda,1.3877787807814457e-16,6340,True,hemisphere,H15,rotation_z,0b9a4e01778c7df1ca58014bef722f08258f879277133b0cee768a7ca743fdd9
0.4033100677141818,0.17998482802148769,0.22332523969269413,10.490484665190715,5.551115123125783e-17,2.7755575615628914e-17,2.7755575615628914e-17,0.0,True,240.0,transported canonical membership under verified mesh/sample automorphism,1.8214596497756474e-17,3.387999773988765e-16,True,5200a90ebff60c29878229da7d1922d8e6c4569ea1f43e4125ba7d3e854eacda,1.4946834900704541e-16,6340,True,hemisphere,H16,rotation_z,0b9a4e01778c7df1ca58014bef722f08258f879277133b0cee768a7ca743fdd9
0.4033100677141819,0.1799848280214877,0.22332523969269416,10.490484665190715,0.0,0.0,0.0,0.0,True,255.0,transported canonical membership under verified mesh/sample automorphism,2.1467203015212988e-17,3.4219371797089426e-16,True,ca1775ef2c7f36366d234ed722eb5fe8f25b2cfb40344a7edbe0a852add98cf4,1.2794688166302258e-16,6340,True,hemisphere,H17,rotation_z,0b9a4e01778c7df1ca58014bef722f08258f879277133b0cee768a7ca743fdd9
0.4033100677141819,0.1799848280214877,0.22332523969269416,10.490484665190715,0.0,0.0,0.0,0.0,True,270.0,transported canonical membership under verified mesh/sample automorphism,1.1926223897340549e-17,4.041272810440265e-16,True,26a9f09a82042153ddcb0c89f9d7c87f93a3c26e62f9fab5aee12f874a84e761,1.6199010924212654e-16,6340,True,hemisphere,H18,rotation_z,0b9a4e01778c7df1ca58014bef722f08258f879277133b0cee768a7ca743fdd9
0.4033100677141819,0.1799848280214877,0.22332523969269416,10.490484665190715,0.0,0.0,0.0,0.0,True,285.0,transported canonical membership under verified mesh/sample automorphism,2.0816681711721685e-17,4.1540741810552243e-16,True,29449596ecda98a0549d548d6bac0bfd6fc91718913458126ed17b038d1b373b,1.6243534171511178e-16,6340,True,hemisphere,H19,rotation_z,0b9a4e01778c7df1ca58014bef722f08258f879277133b0cee768a7ca743fdd9
0.4033100677141819,0.1799848280214877,0.22332523969269413,10.490484665190715,0.0,0.0,2.7755575615628914e-17,0.0,True,300.0,transported canonical membership under verified mesh/sample automorphism,1.929879867024198e-17,4.08865160135725e-16,True,0d5d39807dba7be919bcec1bc42eefc547b1e39b84de93f359abcfc80d04ea4e,1.3877787807814457e-16,6340,True,hemisphere,H20,rotation_z,0b9a4e01778c7df1ca58014bef722f08258f879277133b0cee768a7ca743fdd9
0.4033100677141819,0.1799848280214877,0.22332523969269413,10.490484665190715,0.0,0.0,2.7755575615628914e-17,0.0,True,315.0,transported canonical membership under verified mesh/sample automorphism,2.47198095326695e-17,4.0125770192081414e-16,True,98c4e693cc9cc1d91f86ab288854ac302718aabfa8517e592798fe7f4b32007f,1.6653345369377348e-16,6340,True,hemisphere,H21,rotation_z,0b9a4e01778c7df1ca58014bef722f08258f879277133b0cee768a7ca743fdd9
0.4033100677141819,0.1799848280214877,0.2233252396926942,10.490484665190715,0.0,0.0,2.7755575615628914e-17,0.0,True,330.0,transported canonical membership under verified mesh/sample automorphism,1.8214596497756474e-17,3.387999773988765e-16,True,cea30b3ef2955e4434d6abeae97ca53e417424f244de866f8849a681d5f7feff,1.6243534171511178e-16,6340,True,hemisphere,H22,rotation_z,0b9a4e01778c7df1ca58014bef722f08258f879277133b0cee768a7ca743fdd9
0.4033100677141819,0.1799848280214877,0.22332523969269413,10.490484665190715,0.0,0.0,2.7755575615628914e-17,0.0,True,345.0,transported canonical membership under verified mesh/sample automorphism,2.47198095326695e-17,3.4219371797089426e-16,True,cdbc42467552361ae5c17166c2fea139542c60ec1a4dfb990fcec3eec7f8838b,1.5959455978986625e-16,6340,True,hemisphere,H23,rotation_z,0b9a4e01778c7df1ca58014bef722f08258f879277133b0cee768a7ca743fdd9
