C_q,E_NUC,E_miss,E_rep,J_q,J_q_first_5pct,J_q_last_5pct,J_q_middle_90pct,L_S,angle_degrees,candidate_count,collision_pass,continuation_runtime,continued_candidate_count,default_failure_reason,failure_reason,job_id,lift_found,max_axis_error,max_candidates,max_position_error,min_sigma_min_5,minimum_absolute_joint_margin_rad,neighbor_warm_start,orientation_cone_samples,overall_pass,placement_id,placement_level,random_restarts,search_budget,search_seed,start_seed_hash,strict_kinematics_pass,surface_id,symmetry_id,symmetry_name,total_runtime,witness_file
,0.4033100677141819,0.1799848280214877,0.22332523969269416,,,,,10.490484665190715,0.0,6,False,11.056293956935406,0,,continuous_lift_not_found_under_numerical_budget,hemisphere/P_high/H00/default,False,,6,,,,False,5,False,T33,P_high,8,default,20271112,db4ab4acb6c43fa632951fc1943bc3ba8523a67598fddd3b52269a84cf1ae206,False,hemisphere,H00,rotation_z,11.535537872463465,
,0.4033100677141819,0.17998482802148769,0.22332523969269416,,,,,10.490484665190715,15.0,6,False,5.445723192766309,0,,continuous_lift_not_found_under_numerical_budget,hemisphere/P_high/H01/default,False,,6,,,,False,5,False,T33,P_high,8,default,20271112,db4ab4acb6c43fa632951fc1943bc3ba8523a67598fddd3b52269a84cf1ae206,False,hemisphere,H01,rotation_z,6.154088578186929,
,0.4033100677141819,0.1799848280214877,0.22332523969269416,,,,,10.490484665190715,30.0,6,False,16.900660932064056,0,,continuous_lift_not_found_under_numerical_budget,hemisphere/P_high/H02/default,False,,6,,,,False,5,False,T33,P_high,8,default,20271112,db4ab4acb6c43fa632951fc1943bc3ba8523a67598fddd3b52269a84cf1ae206,False,hemisphere,H02,rotation_z,17.7531015612185,
,0.4033100677141819,0.17998482802148769,0.22332523969269416,,,,,10.490484665190715,45.0,6,False,11.691905297338963,0,,continuous_lift_not_found_under_numerical_budget,hemisphere/P_high/H03/default,False,,6,,,,False,5,False,T33,P_high,8,default,20271112,db4ab4acb6c43fa632951fc1943bc3ba8523a67598fddd3b52269a84cf1ae206,False,hemisphere,H03,rotation_z,12.061581815592945,
,0.4033100677141819,0.1799848280214877,0.22332523969269416,,,,,10.490484665190715,60.0,6,False,14.006015909835696,0,,continuous_lift_not_found_under_numerical_budget,hemisphere/P_high/H04/default,False,,6,,,,False,5,False,T33,P_high,8,default,20271112,db4ab4acb6c43fa632951fc1943bc3ba8523a67598fddd3b52269a84cf1ae206,False,hemisphere,H04,rotation_z,14.171377613209188,
,0.4033100677141818,0.17998482802148769,0.22332523969269413,,,,,10.490484665190715,75.0,6,False,12.173327113501728,0,,continuous_lift_not_found_under_numerical_budget,hemisphere/P_high/H05/default,False,,6,,,,False,5,False,T33,P_high,8,default,20271112,db4ab4acb6c43fa632951fc1943bc3ba8523a67598fddd3b52269a84cf1ae206,False,hemisphere,H05,rotation_z,13.106383706443012,
,0.4033100677141819,0.17998482802148769,0.22332523969269416,,,,,10.490484665190715,90.0,6,False,14.983634957112372,0,,continuous_lift_not_found_under_numerical_budget,hemisphere/P_high/H06/default,False,,6,,,,False,5,False,T33,P_high,8,default,20271112,db4ab4acb6c43fa632951fc1943bc3ba8523a67598fddd3b52269a84cf1ae206,False,hemisphere,H06,rotation_z,15.631486707367003,
,0.4033100677141819,0.17998482802148769,0.22332523969269416,,,,,10.490484665190717,105.0,6,False,8.715217805467546,0,,continuous_lift_not_found_under_numerical_budget,hemisphere/P_high/H07/default,False,,6,,,,False,5,False,T33,P_high,8,default,20271112,db4ab4acb6c43fa632951fc1943bc3ba8523a67598fddd3b52269a84cf1ae206,False,hemisphere,H07,rotation_z,9.407378834672272,
,0.4033100677141819,0.1799848280214877,0.22332523969269413,,,,,10.490484665190715,120.0,6,False,11.19300770200789,0,,continuous_lift_not_found_under_numerical_budget,hemisphere/P_high/H08/default,False,,6,,,,False,5,False,T33,P_high,8,default,20271112,db4ab4acb6c43fa632951fc1943bc3ba8523a67598fddd3b52269a84cf1ae206,False,hemisphere,H08,rotation_z,12.688888985663652,
,0.4033100677141819,0.1799848280214877,0.22332523969269416,,,,,10.490484665190715,135.0,6,False,4.748748144134879,0,,continuous_lift_not_found_under_numerical_budget,hemisphere/P_high/H09/default,False,,6,,,,False,5,False,T33,P_high,8,default,20271112,db4ab4acb6c43fa632951fc1943bc3ba8523a67598fddd3b52269a84cf1ae206,False,hemisphere,H09,rotation_z,5.665558657608926,
,0.4033100677141819,0.1799848280214877,0.22332523969269413,,,,,10.490484665190717,150.0,6,False,4.574715711176395,0,,continuous_lift_not_found_under_numerical_budget,hemisphere/P_high/H10/default,False,,6,,,,False,5,False,T33,P_high,8,default,20271112,db4ab4acb6c43fa632951fc1943bc3ba8523a67598fddd3b52269a84cf1ae206,False,hemisphere,H10,rotation_z,5.587267986498773,
,0.4033100677141819,0.17998482802148769,0.22332523969269416,,,,,10.490484665190715,165.0,6,False,4.413209579885006,0,,continuous_lift_not_found_under_numerical_budget,hemisphere/P_high/H11/default,False,,6,,,,False,5,False,T33,P_high,8,default,20271112,db4ab4acb6c43fa632951fc1943bc3ba8523a67598fddd3b52269a84cf1ae206,False,hemisphere,H11,rotation_z,5.419888684526086,
,0.4033100677141818,0.17998482802148769,0.22332523969269413,,,,,10.490484665190715,180.0,6,False,7.738834713585675,0,,continuous_lift_not_found_under_numerical_budget,hemisphere/P_high/H12/default,False,,6,,,,False,5,False,T33,P_high,8,default,20271112,db4ab4acb6c43fa632951fc1943bc3ba8523a67598fddd3b52269a84cf1ae206,False,hemisphere,H12,rotation_z,8.927985263057053,
,0.4033100677141819,0.1799848280214877,0.22332523969269416,,,,,10.490484665190715,195.0,6,False,5.090573481284082,0,,continuous_lift_not_found_under_numerical_budget,hemisphere/P_high/H13/default,False,,6,,,,False,5,False,T33,P_high,8,default,20271112,db4ab4acb6c43fa632951fc1943bc3ba8523a67598fddd3b52269a84cf1ae206,False,hemisphere,H13,rotation_z,5.69441341329366,
,0.4033100677141818,0.17998482802148769,0.22332523969269413,,,,,10.490484665190715,210.0,6,False,13.259258594363928,0,,continuous_lift_not_found_under_numerical_budget,hemisphere/P_high/H14/default,False,,6,,,,False,5,False,T33,P_high,8,default,20271112,db4ab4acb6c43fa632951fc1943bc3ba8523a67598fddd3b52269a84cf1ae206,False,hemisphere,H14,rotation_z,14.220952223986387,
,0.4033100677141819,0.1799848280214877,0.22332523969269416,,,,,10.490484665190717,225.0,6,False,6.7854381408542395,0,,continuous_lift_not_found_under_numerical_budget,hemisphere/P_high/H15/default,False,,6,,,,False,5,False,T33,P_high,8,default,20271112,db4ab4acb6c43fa632951fc1943bc3ba8523a67598fddd3b52269a84cf1ae206,False,hemisphere,H15,rotation_z,7.017824603244662,
,0.4033100677141818,0.17998482802148769,0.22332523969269413,,,,,10.490484665190715,240.0,6,False,11.02169285621494,0,,continuous_lift_not_found_under_numerical_budget,hemisphere/P_high/H16/default,False,,6,,,,False,5,False,T33,P_high,8,default,20271112,db4ab4acb6c43fa632951fc1943bc3ba8523a67598fddd3b52269a84cf1ae206,False,hemisphere,H16,rotation_z,12.128505657427013,
,0.4033100677141819,0.1799848280214877,0.22332523969269416,,,,,10.490484665190715,255.0,6,False,1.2703054938465357,0,,continuous_lift_not_found_under_numerical_budget,hemisphere/P_high/H17/default,False,,6,,,,False,5,False,T33,P_high,8,default,20271112,db4ab4acb6c43fa632951fc1943bc3ba8523a67598fddd3b52269a84cf1ae206,False,hemisphere,H17,rotation_z,1.4550986979156733,
,0.4033100677141819,0.1799848280214877,0.22332523969269416,,,,,10.490484665190715,270.0,6,False,1.1481720469892025,0,,continuous_lift_not_found_under_numerical_budget,hemisphere/P_high/H18/default,False,,6,,,,False,5,False,T33,P_high,8,default,20271112,db4ab4acb6c43fa632951fc1943bc3ba8523a67598fddd3b52269a84cf1ae206,False,hemisphere,H18,rotation_z,2.090345825999975,
,0.4033100677141819,0.1799848280214877,0.22332523969269416,,,,,10.490484665190715,285.0,6,False,2.388548754155636,0,,continuous_lift_not_found_under_numerical_budget,hemisphere/P_high/H19/default,False,,6,,,,False,5,False,T33,P_high,8,default,20271112,db4ab4acb6c43fa632951fc1943bc3ba8523a67598fddd3b52269a84cf1ae206,False,hemisphere,H19,rotation_z,3.1025727754458785,
,0.4033100677141819,0.1799848280214877,0.22332523969269413,,,,,10.490484665190715,300.0,6,False,0.5526691013947129,0,,continuous_lift_not_found_under_numerical_budget,hemisphere/P_high/H20/default,False,,6,,,,False,5,False,T33,P_high,8,default,20271112,db4ab4acb6c43fa632951fc1943bc3ba8523a67598fddd3b52269a84cf1ae206,False,hemisphere,H20,rotation_z,1.3158284593373537,
,0.4033100677141819,0.1799848280214877,0.22332523969269413,,,,,10.490484665190715,315.0,6,False,3.8820959525182843,0,,continuous_lift_not_found_under_numerical_budget,hemisphere/P_high/H21/default,False,,6,,,,False,5,False,T33,P_high,8,default,20271112,db4ab4acb6c43fa632951fc1943bc3ba8523a67598fddd3b52269a84cf1ae206,False,hemisphere,H21,rotation_z,4.322896267287433,
,0.4033100677141819,0.1799848280214877,0.2233252396926942,,,,,10.490484665190715,330.0,6,False,6.902920236811042,0,,continuous_lift_not_found_under_numerical_budget,hemisphere/P_high/H22/default,False,,6,,,,False,5,False,T33,P_high,8,default,20271112,db4ab4acb6c43fa632951fc1943bc3ba8523a67598fddd3b52269a84cf1ae206,False,hemisphere,H22,rotation_z,7.5030802600085735,
,0.4033100677141819,0.1799848280214877,0.22332523969269413,,,,,10.490484665190715,345.0,6,False,4.157698323018849,0,,continuous_lift_not_found_under_numerical_budget,hemisphere/P_high/H23/default,False,,6,,,,False,5,False,T33,P_high,8,default,20271112,db4ab4acb6c43fa632951fc1943bc3ba8523a67598fddd3b52269a84cf1ae206,False,hemisphere,H23,rotation_z,4.85462289582938,
,0.4033100677141819,0.1799848280214877,0.22332523969269416,,,,,10.490484665190715,0.0,6,False,14.100643987767398,0,,continuous_lift_not_found_under_numerical_budget,hemisphere/P_low/H00/default,False,,6,,,,False,5,False,T30,P_low,8,default,20270912,db4ab4acb6c43fa632951fc1943bc3ba8523a67598fddd3b52269a84cf1ae206,False,hemisphere,H00,rotation_z,14.91102102957666,
,0.4033100677141819,0.17998482802148769,0.22332523969269416,,,,,10.490484665190715,15.0,6,False,13.814083677716553,0,,continuous_lift_not_found_under_numerical_budget,hemisphere/P_low/H01/default,False,,6,,,,False,5,False,T30,P_low,8,default,20270912,db4ab4acb6c43fa632951fc1943bc3ba8523a67598fddd3b52269a84cf1ae206,False,hemisphere,H01,rotation_z,14.650586715899408,
,0.4033100677141819,0.1799848280214877,0.22332523969269416,,,,,10.490484665190715,30.0,6,False,10.875342005863786,0,,continuous_lift_not_found_under_numerical_budget,hemisphere/P_low/H02/default,False,,6,,,,False,5,False,T30,P_low,8,default,20270912,db4ab4acb6c43fa632951fc1943bc3ba8523a67598fddd3b52269a84cf1ae206,False,hemisphere,H02,rotation_z,11.728693089447916,
,0.4033100677141819,0.17998482802148769,0.22332523969269416,,,,,10.490484665190715,45.0,6,False,14.894377633929253,0,,continuous_lift_not_found_under_numerical_budget,hemisphere/P_low/H03/default,False,,6,,,,False,5,False,T30,P_low,8,default,20270912,db4ab4acb6c43fa632951fc1943bc3ba8523a67598fddd3b52269a84cf1ae206,False,hemisphere,H03,rotation_z,15.419866523705423,
,0.4033100677141819,0.1799848280214877,0.22332523969269416,,,,,10.490484665190715,60.0,6,False,7.355519251897931,0,,continuous_lift_not_found_under_numerical_budget,hemisphere/P_low/H04/default,False,,6,,,,False,5,False,T30,P_low,8,default,20270912,db4ab4acb6c43fa632951fc1943bc3ba8523a67598fddd3b52269a84cf1ae206,False,hemisphere,H04,rotation_z,7.780177420005202,
,0.4033100677141818,0.17998482802148769,0.22332523969269413,,,,,10.490484665190715,75.0,6,False,12.438894672319293,0,,continuous_lift_not_found_under_numerical_budget,hemisphere/P_low/H05/default,False,,6,,,,False,5,False,T30,P_low,8,default,20270912,db4ab4acb6c43fa632951fc1943bc3ba8523a67598fddd3b52269a84cf1ae206,False,hemisphere,H05,rotation_z,13.24612651579082,
,0.4033100677141819,0.17998482802148769,0.22332523969269416,,,,,10.490484665190715,90.0,6,False,8.807301885448396,0,,continuous_lift_not_found_under_numerical_budget,hemisphere/P_low/H06/default,False,,6,,,,False,5,False,T30,P_low,8,default,20270912,db4ab4acb6c43fa632951fc1943bc3ba8523a67598fddd3b52269a84cf1ae206,False,hemisphere,H06,rotation_z,9.33692021574825,
,0.4033100677141819,0.17998482802148769,0.22332523969269416,,,,,10.490484665190717,105.0,6,False,6.948136383667588,0,,continuous_lift_not_found_under_numerical_budget,hemisphere/P_low/H07/default,False,,6,,,,False,5,False,T30,P_low,8,default,20270912,db4ab4acb6c43fa632951fc1943bc3ba8523a67598fddd3b52269a84cf1ae206,False,hemisphere,H07,rotation_z,7.454000094905496,
,0.4033100677141819,0.1799848280214877,0.22332523969269413,,,,,10.490484665190715,120.0,6,False,1.6430989541113377,0,,continuous_lift_not_found_under_numerical_budget,hemisphere/P_low/H08/default,False,,6,,,,False,5,False,T30,P_low,8,default,20270912,db4ab4acb6c43fa632951fc1943bc3ba8523a67598fddd3b52269a84cf1ae206,False,hemisphere,H08,rotation_z,2.1047622822225094,
,0.4033100677141819,0.1799848280214877,0.22332523969269416,,,,,10.490484665190715,135.0,6,False,6.6505747474730015,0,,continuous_lift_not_found_under_numerical_budget,hemisphere/P_low/H09/default,False,,6,,,,False,5,False,T30,P_low,8,default,20270912,db4ab4acb6c43fa632951fc1943bc3ba8523a67598fddd3b52269a84cf1ae206,False,hemisphere,H09,rotation_z,6.930626604706049,
,0.4033100677141819,0.1799848280214877,0.22332523969269413,,,,,10.490484665190717,150.0,6,False,1.637779382057488,0,,continuous_lift_not_found_under_numerical_budget,hemisphere/P_low/H10/default,False,,6,,,,False,5,False,T30,P_low,8,default,20270912,db4ab4acb6c43fa632951fc1943bc3ba8523a67598fddd3b52269a84cf1ae206,False,hemisphere,H10,rotation_z,2.085137548856437,
,0.4033100677141819,0.17998482802148769,0.22332523969269416,,,,,10.490484665190715,165.0,6,False,14.014878772199154,0,,continuous_lift_not_found_under_numerical_budget,hemisphere/P_low/H11/default,False,,6,,,,False,5,False,T30,P_low,8,default,20270912,db4ab4acb6c43fa632951fc1943bc3ba8523a67598fddd3b52269a84cf1ae206,False,hemisphere,H11,rotation_z,14.507766590453684,
,0.4033100677141818,0.17998482802148769,0.22332523969269413,,,,,10.490484665190715,180.0,6,False,4.530163813382387,0,,continuous_lift_not_found_under_numerical_budget,hemisphere/P_low/H12/default,False,,6,,,,False,5,False,T30,P_low,8,default,20270912,db4ab4acb6c43fa632951fc1943bc3ba8523a67598fddd3b52269a84cf1ae206,False,hemisphere,H12,rotation_z,5.024306056089699,
,0.4033100677141819,0.1799848280214877,0.22332523969269416,,,,,10.490484665190715,195.0,6,False,14.875814662314951,0,,continuous_lift_not_found_under_numerical_budget,hemisphere/P_low/H13/default,False,,6,,,,False,5,False,T30,P_low,8,default,20270912,db4ab4acb6c43fa632951fc1943bc3ba8523a67598fddd3b52269a84cf1ae206,False,hemisphere,H13,rotation_z,15.40827111992985,
,0.4033100677141818,0.17998482802148769,0.22332523969269413,,,,,10.490484665190715,210.0,6,False,25.378826414234936,0,,continuous_lift_not_found_under_numerical_budget,hemisphere/P_low/H14/default,False,,6,,,,False,5,False,T30,P_low,8,default,20270912,db4ab4acb6c43fa632951fc1943bc3ba8523a67598fddd3b52269a84cf1ae206,False,hemisphere,H14,rotation_z,26.02110967040062,
,0.4033100677141819,0.1799848280214877,0.22332523969269416,,,,,10.490484665190717,225.0,6,False,20.21713384706527,0,,continuous_lift_not_found_under_numerical_budget,hemisphere/P_low/H15/default,False,,6,,,,False,5,False,T30,P_low,8,default,20270912,db4ab4acb6c43fa632951fc1943bc3ba8523a67598fddd3b52269a84cf1ae206,False,hemisphere,H15,rotation_z,20.555608958005905,
,0.4033100677141818,0.17998482802148769,0.22332523969269413,,,,,10.490484665190715,240.0,6,False,7.335476912558079,0,,continuous_lift_not_found_under_numerical_budget,hemisphere/P_low/H16/default,False,,6,,,,False,5,False,T30,P_low,8,default,20270912,db4ab4acb6c43fa632951fc1943bc3ba8523a67598fddd3b52269a84cf1ae206,False,hemisphere,H16,rotation_z,7.624588767066598,
,0.4033100677141819,0.1799848280214877,0.22332523969269416,,,,,10.490484665190715,255.0,6,False,20.119684034958482,0,,continuous_lift_not_found_under_numerical_budget,hemisphere/P_low/H17/default,False,,6,,,,False,5,False,T30,P_low,8,default,20270912,db4ab4acb6c43fa632951fc1943bc3ba8523a67598fddd3b52269a84cf1ae206,False,hemisphere,H17,rotation_z,20.87910687830299,
,0.4033100677141819,0.1799848280214877,0.22332523969269416,,,,,10.490484665190715,270.0,6,False,11.988134934566915,0,,continuous_lift_not_found_under_numerical_budget,hemisphere/P_low/H18/default,False,,6,,,,False,5,False,T30,P_low,8,default,20270912,db4ab4acb6c43fa632951fc1943bc3ba8523a67598fddd3b52269a84cf1ae206,False,hemisphere,H18,rotation_z,12.926241463981569,
,0.4033100677141819,0.1799848280214877,0.22332523969269416,,,,,10.490484665190715,285.0,6,False,15.865401158109307,0,,continuous_lift_not_found_under_numerical_budget,hemisphere/P_low/H19/default,False,,6,,,,False,5,False,T30,P_low,8,default,20270912,db4ab4acb6c43fa632951fc1943bc3ba8523a67598fddd3b52269a84cf1ae206,False,hemisphere,H19,rotation_z,16.499400034546852,
,0.4033100677141819,0.1799848280214877,0.22332523969269413,,,,,10.490484665190715,300.0,6,False,9.726289566606283,0,,continuous_lift_not_found_under_numerical_budget,hemisphere/P_low/H20/default,False,,6,,,,False,5,False,T30,P_low,8,default,20270912,db4ab4acb6c43fa632951fc1943bc3ba8523a67598fddd3b52269a84cf1ae206,False,hemisphere,H20,rotation_z,10.507342154160142,
,0.4033100677141819,0.1799848280214877,0.22332523969269413,,,,,10.490484665190715,315.0,6,False,20.845152366906404,0,,continuous_lift_not_found_under_numerical_budget,hemisphere/P_low/H21/default,False,,6,,,,False,5,False,T30,P_low,8,default,20270912,db4ab4acb6c43fa632951fc1943bc3ba8523a67598fddd3b52269a84cf1ae206,False,hemisphere,H21,rotation_z,21.413603232242167,
,0.4033100677141819,0.1799848280214877,0.2233252396926942,,,,,10.490484665190715,330.0,6,False,6.61910620611161,0,,continuous_lift_not_found_under_numerical_budget,hemisphere/P_low/H22/default,False,,6,,,,False,5,False,T30,P_low,8,default,20270912,db4ab4acb6c43fa632951fc1943bc3ba8523a67598fddd3b52269a84cf1ae206,False,hemisphere,H22,rotation_z,6.905031690374017,
,0.4033100677141819,0.1799848280214877,0.22332523969269413,,,,,10.490484665190715,345.0,6,False,14.807501155883074,0,,continuous_lift_not_found_under_numerical_budget,hemisphere/P_low/H23/default,False,,6,,,,False,5,False,T30,P_low,8,default,20270912,db4ab4acb6c43fa632951fc1943bc3ba8523a67598fddd3b52269a84cf1ae206,False,hemisphere,H23,rotation_z,15.33655919879675,
,0.4033100677141819,0.1799848280214877,0.22332523969269416,,,,,10.490484665190715,0.0,6,False,10.724334218539298,0,,continuous_lift_not_found_under_numerical_budget,hemisphere/P_mid/H00/default,False,,6,,,,False,5,False,T27,P_mid,8,default,20271012,db4ab4acb6c43fa632951fc1943bc3ba8523a67598fddd3b52269a84cf1ae206,False,hemisphere,H00,rotation_z,11.026443677023053,
,0.4033100677141819,0.17998482802148769,0.22332523969269416,,,,,10.490484665190715,15.0,6,False,9.41844381019473,0,,continuous_lift_not_found_under_numerical_budget,hemisphere/P_mid/H01/default,False,,6,,,,False,5,False,T27,P_mid,8,default,20271012,db4ab4acb6c43fa632951fc1943bc3ba8523a67598fddd3b52269a84cf1ae206,False,hemisphere,H01,rotation_z,10.187199383042753,
,0.4033100677141819,0.1799848280214877,0.22332523969269416,,,,,10.490484665190715,30.0,6,False,19.650128681212664,0,,continuous_lift_not_found_under_numerical_budget,hemisphere/P_mid/H02/default,False,,6,,,,False,5,False,T27,P_mid,8,default,20271012,db4ab4acb6c43fa632951fc1943bc3ba8523a67598fddd3b52269a84cf1ae206,False,hemisphere,H02,rotation_z,20.330398342572153,
,0.4033100677141819,0.17998482802148769,0.22332523969269416,,,,,10.490484665190715,45.0,6,False,18.12149833701551,0,,continuous_lift_not_found_under_numerical_budget,hemisphere/P_mid/H03/default,False,,6,,,,False,5,False,T27,P_mid,8,default,20271012,db4ab4acb6c43fa632951fc1943bc3ba8523a67598fddd3b52269a84cf1ae206,False,hemisphere,H03,rotation_z,18.512628625147045,
,0.4033100677141819,0.1799848280214877,0.22332523969269416,,,,,10.490484665190715,60.0,6,False,19.29028244037181,0,,continuous_lift_not_found_under_numerical_budget,hemisphere/P_mid/H04/default,False,,6,,,,False,5,False,T27,P_mid,8,default,20271012,db4ab4acb6c43fa632951fc1943bc3ba8523a67598fddd3b52269a84cf1ae206,False,hemisphere,H04,rotation_z,20.550134145654738,
,0.4033100677141818,0.17998482802148769,0.22332523969269413,,,,,10.490484665190715,75.0,6,False,17.131144050508738,0,,continuous_lift_not_found_under_numerical_budget,hemisphere/P_mid/H05/default,False,,6,,,,False,5,False,T27,P_mid,8,default,20271012,db4ab4acb6c43fa632951fc1943bc3ba8523a67598fddd3b52269a84cf1ae206,False,hemisphere,H05,rotation_z,17.47979123238474,
,0.4033100677141819,0.17998482802148769,0.22332523969269416,,,,,10.490484665190715,90.0,6,False,19.805381275713444,0,,continuous_lift_not_found_under_numerical_budget,hemisphere/P_mid/H06/default,False,,6,,,,False,5,False,T27,P_mid,8,default,20271012,db4ab4acb6c43fa632951fc1943bc3ba8523a67598fddd3b52269a84cf1ae206,False,hemisphere,H06,rotation_z,20.403578616678715,
,0.4033100677141819,0.17998482802148769,0.22332523969269416,,,,,10.490484665190717,105.0,6,False,9.005505785346031,0,,continuous_lift_not_found_under_numerical_budget,hemisphere/P_mid/H07/default,False,,6,,,,False,5,False,T27,P_mid,8,default,20271012,db4ab4acb6c43fa632951fc1943bc3ba8523a67598fddd3b52269a84cf1ae206,False,hemisphere,H07,rotation_z,9.918986333534122,
,0.4033100677141819,0.1799848280214877,0.22332523969269413,,,,,10.490484665190715,120.0,6,False,7.747195467352867,0,,continuous_lift_not_found_under_numerical_budget,hemisphere/P_mid/H08/default,False,,6,,,,False,5,False,T27,P_mid,8,default,20271012,db4ab4acb6c43fa632951fc1943bc3ba8523a67598fddd3b52269a84cf1ae206,False,hemisphere,H08,rotation_z,8.81990081910044,
,0.4033100677141819,0.1799848280214877,0.22332523969269416,,,,,10.490484665190715,135.0,6,False,7.435342900454998,0,,continuous_lift_not_found_under_numerical_budget,hemisphere/P_mid/H09/default,False,,6,,,,False,5,False,T27,P_mid,8,default,20271012,db4ab4acb6c43fa632951fc1943bc3ba8523a67598fddd3b52269a84cf1ae206,False,hemisphere,H09,rotation_z,8.35944749135524,
,0.4033100677141819,0.1799848280214877,0.22332523969269413,,,,,10.490484665190717,150.0,6,False,3.2540449956431985,0,,continuous_lift_not_found_under_numerical_budget,hemisphere/P_mid/H10/default,False,,6,,,,False,5,False,T27,P_mid,8,default,20271012,db4ab4acb6c43fa632951fc1943bc3ba8523a67598fddd3b52269a84cf1ae206,False,hemisphere,H10,rotation_z,4.3703340496867895,
,0.4033100677141819,0.17998482802148769,0.22332523969269416,,,,,10.490484665190715,165.0,6,False,5.424072157591581,0,,continuous_lift_not_found_under_numerical_budget,hemisphere/P_mid/H11/default,False,,6,,,,False,5,False,T27,P_mid,8,default,20271012,db4ab4acb6c43fa632951fc1943bc3ba8523a67598fddd3b52269a84cf1ae206,False,hemisphere,H11,rotation_z,6.177787685766816,
,0.4033100677141818,0.17998482802148769,0.22332523969269413,,,,,10.490484665190715,180.0,6,False,13.752228864468634,0,,continuous_lift_not_found_under_numerical_budget,hemisphere/P_mid/H12/default,False,,6,,,,False,5,False,T27,P_mid,8,default,20271012,db4ab4acb6c43fa632951fc1943bc3ba8523a67598fddd3b52269a84cf1ae206,False,hemisphere,H12,rotation_z,14.161049373447895,
,0.4033100677141819,0.1799848280214877,0.22332523969269416,,,,,10.490484665190715,195.0,6,False,17.57350818440318,0,,continuous_lift_not_found_under_numerical_budget,hemisphere/P_mid/H13/default,False,,6,,,,False,5,False,T27,P_mid,8,default,20271012,db4ab4acb6c43fa632951fc1943bc3ba8523a67598fddd3b52269a84cf1ae206,False,hemisphere,H13,rotation_z,17.934885636903346,
,0.4033100677141818,0.17998482802148769,0.22332523969269413,,,,,10.490484665190715,210.0,6,False,36.53790739364922,0,,continuous_lift_not_found_under_numerical_budget,hemisphere/P_mid/H14/default,False,,6,,,,False,5,False,T27,P_mid,8,default,20271012,db4ab4acb6c43fa632951fc1943bc3ba8523a67598fddd3b52269a84cf1ae206,False,hemisphere,H14,rotation_z,37.00927957613021,
,0.4033100677141819,0.1799848280214877,0.22332523969269416,,,,,10.490484665190717,225.0,6,False,31.846568174660206,0,,continuous_lift_not_found_under_numerical_budget,hemisphere/P_mid/H15/default,False,,6,,,,False,5,False,T27,P_mid,8,default,20271012,db4ab4acb6c43fa632951fc1943bc3ba8523a67598fddd3b52269a84cf1ae206,False,hemisphere,H15,rotation_z,32.752646391279995,
,0.4033100677141818,0.17998482802148769,0.22332523969269413,,,,,10.490484665190715,240.0,6,False,32.63242108374834,0,,continuous_lift_not_found_under_numerical_budget,hemisphere/P_mid/H16/default,False,,6,,,,False,5,False,T27,P_mid,8,default,20271012,db4ab4acb6c43fa632951fc1943bc3ba8523a67598fddd3b52269a84cf1ae206,False,hemisphere,H16,rotation_z,32.829047076404095,
,0.4033100677141819,0.1799848280214877,0.22332523969269416,,,,,10.490484665190715,255.0,6,False,18.441663458943367,0,,continuous_lift_not_found_under_numerical_budget,hemisphere/P_mid/H17/default,False,,6,,,,False,5,False,T27,P_mid,8,default,20271012,db4ab4acb6c43fa632951fc1943bc3ba8523a67598fddd3b52269a84cf1ae206,False,hemisphere,H17,rotation_z,18.680257096886635,
,0.4033100677141819,0.1799848280214877,0.22332523969269416,,,,,10.490484665190715,270.0,6,False,17.59260851982981,0,,continuous_lift_not_found_under_numerical_budget,hemisphere/P_mid/H18/default,False,,6,,,,False,5,False,T27,P_mid,8,default,20271012,db4ab4acb6c43fa632951fc1943bc3ba8523a67598fddd3b52269a84cf1ae206,False,hemisphere,H18,rotation_z,18.107587636448443,
,0.4033100677141819,0.1799848280214877,0.22332523969269416,,,,,10.490484665190715,285.0,6,False,20.388462926261127,0,,continuous_lift_not_found_under_numerical_budget,hemisphere/P_mid/H19/default,False,,6,,,,False,5,False,T27,P_mid,8,default,20271012,db4ab4acb6c43fa632951fc1943bc3ba8523a67598fddd3b52269a84cf1ae206,False,hemisphere,H19,rotation_z,20.81789697520435,
,0.4033100677141819,0.1799848280214877,0.22332523969269413,,,,,10.490484665190715,300.0,6,False,21.656267245300114,0,,continuous_lift_not_found_under_numerical_budget,hemisphere/P_mid/H20/default,False,,6,,,,False,5,False,T27,P_mid,8,default,20271012,db4ab4acb6c43fa632951fc1943bc3ba8523a67598fddd3b52269a84cf1ae206,False,hemisphere,H20,rotation_z,22.129087447188795,
,0.4033100677141819,0.1799848280214877,0.22332523969269413,,,,,10.490484665190715,315.0,6,False,13.584308275952935,0,,continuous_lift_not_found_under_numerical_budget,hemisphere/P_mid/H21/default,False,,6,,,,False,5,False,T27,P_mid,8,default,20271012,db4ab4acb6c43fa632951fc1943bc3ba8523a67598fddd3b52269a84cf1ae206,False,hemisphere,H21,rotation_z,14.65420787408948,
,0.4033100677141819,0.1799848280214877,0.2233252396926942,,,,,10.490484665190715,330.0,6,False,21.67515666782856,0,,continuous_lift_not_found_under_numerical_budget,hemisphere/P_mid/H22/default,False,,6,,,,False,5,False,T27,P_mid,8,default,20271012,db4ab4acb6c43fa632951fc1943bc3ba8523a67598fddd3b52269a84cf1ae206,False,hemisphere,H22,rotation_z,22.478052413091063,
,0.4033100677141819,0.1799848280214877,0.22332523969269413,,,,,10.490484665190715,345.0,6,False,10.464940002188087,0,,continuous_lift_not_found_under_numerical_budget,hemisphere/P_mid/H23/default,False,,6,,,,False,5,False,T27,P_mid,8,default,20271012,db4ab4acb6c43fa632951fc1943bc3ba8523a67598fddd3b52269a84cf1ae206,False,hemisphere,H23,rotation_z,10.876266691833735,
3.4518935184441073,0.7565340821980036,0.13163210810861997,0.6249019740893835,20.759450654255257,1.1670536051218532,1.147010714674308,18.445386334459094,6.013931351976433,0.0,6,True,29.29140240792185,5,,,saddle/P_high/S00/default,True,0.06170153852055411,6,0.00020859680360585435,0.959674394539538,0.0,False,5,True,T10,P_high,8,default,20261112,6f296593251fc8664c63dd4f88c82b570d373013003a7b0a667a3e1c4e8d1c3c,True,saddle,S00,identity,48.295010866597295,results/symmetry_preserving_global_layout_v1/witnesses/saddle_P_high_S00.npz
3.5541894048445846,0.7565340821980036,0.13163210810861997,0.6249019740893835,21.374651092657306,1.1445005807728403,0.9610682097899105,19.269082302094553,6.013931351976433,,6,True,19.447231080383062,4,,,saddle/P_high/S01/default,True,0.06421904561813996,6,0.0005819243905108815,0.9481544921561881,0.0,False,5,True,T10,P_high,8,default,20261112,6f296593251fc8664c63dd4f88c82b570d373013003a7b0a667a3e1c4e8d1c3c,True,saddle,S01,reflect_x,41.76263871975243,results/symmetry_preserving_global_layout_v1/witnesses/saddle_P_high_S01.npz
3.5604864990608576,0.7565340821980036,0.13163210810861997,0.6249019740893835,21.4125213849909,1.0367794413518965,1.1651469692711207,19.210594974367886,6.013931351976433,,6,True,11.163753455504775,4,,,saddle/P_high/S02/default,True,0.06170660742409896,6,0.0001708756237884347,0.9481544921561874,0.0,False,5,True,T10,P_high,8,default,20261112,6f296593251fc8664c63dd4f88c82b570d373013003a7b0a667a3e1c4e8d1c3c,True,saddle,S02,reflect_y,29.515786804258823,results/symmetry_preserving_global_layout_v1/witnesses/saddle_P_high_S02.npz
3.4352411842591084,0.7565340821980036,0.13163210810861997,0.6249019740893835,20.659304659616502,0.9463627912044277,0.9269980181532356,18.78594385025884,6.013931351976433,,6,True,23.62311228364706,4,,,saddle/P_high/S03/default,True,0.061997966618610977,6,0.00033410115666325746,0.9596743945395377,0.0,False,5,True,T10,P_high,8,default,20261112,6f296593251fc8664c63dd4f88c82b570d373013003a7b0a667a3e1c4e8d1c3c,True,saddle,S03,rotate_180,38.47639446333051,results/symmetry_preserving_global_layout_v1/witnesses/saddle_P_high_S03.npz
4.241834265111798,0.7565340821980036,0.13163210810861997,0.6249019740893835,25.510100076843756,1.466403197325347,1.417928803925776,22.62576807559263,6.013931351976433,0.0,6,True,9.205947703681886,4,,,saddle/P_low/S00/default,True,0.10687939968358817,6,0.0002508587771953856,0.8798220927756353,1.0156470297399798,False,5,True,T17,P_low,8,default,20260912,6f296593251fc8664c63dd4f88c82b570d373013003a7b0a667a3e1c4e8d1c3c,True,saddle,S00,identity,18.69955476373434,results/symmetry_preserving_global_layout_v1/witnesses/saddle_P_low_S00.npz
4.159615053845563,0.7565340821980036,0.13163210810861997,0.6249019740893835,25.01563938447497,1.4145528868647415,1.1452023776906481,22.45588411991958,6.013931351976433,,6,True,9.919761958532035,4,,,saddle/P_low/S01/default,True,0.10730204909847962,6,0.0004687090174197031,0.8601439350671275,0.9879033650040716,False,5,True,T17,P_low,8,default,20260912,6f296593251fc8664c63dd4f88c82b570d373013003a7b0a667a3e1c4e8d1c3c,True,saddle,S01,reflect_x,19.25047196727246,results/symmetry_preserving_global_layout_v1/witnesses/saddle_P_low_S01.npz
4.165710463902347,0.7565340821980036,0.13163210810861997,0.6249019740893835,25.052296762118615,1.2703249163382713,1.3332015264377968,22.44877031934255,6.013931351976433,,6,True,20.20306553784758,4,,,saddle/P_low/S02/default,True,0.10689516010878232,6,0.0002798571550180663,0.8601439350671272,0.9879033650040716,False,5,True,T17,P_low,8,default,20260912,6f296593251fc8664c63dd4f88c82b570d373013003a7b0a667a3e1c4e8d1c3c,True,saddle,S02,reflect_y,52.214041349478066,results/symmetry_preserving_global_layout_v1/witnesses/saddle_P_low_S02.npz
4.216113578840284,0.7565340821980036,0.13163210810861997,0.6249019740893835,25.35541763528115,1.1668593834393302,1.009224111203756,23.179334140638066,6.013931351976433,,6,True,26.454261072911322,4,,,saddle/P_low/S03/default,True,0.10687926665143549,6,0.0003437054299548069,0.8798220927756348,1.015647029739979,False,5,True,T17,P_low,8,default,20260912,6f296593251fc8664c63dd4f88c82b570d373013003a7b0a667a3e1c4e8d1c3c,True,saddle,S03,rotate_180,50.55031608697027,results/symmetry_preserving_global_layout_v1/witnesses/saddle_P_low_S03.npz
3.7909209225588083,0.7565340821980036,0.13163210810861997,0.6249019740893835,22.798338189039843,1.1553986790257174,1.34703632533965,20.295903184674472,6.013931351976433,0.0,6,True,14.444074065424502,2,,,saddle/P_mid/S00/default,True,0.0005395705583150651,6,6.884910764940894e-05,0.35492819233715056,0.9199232209306238,False,5,True,T21,P_mid,8,default,20261012,6f296593251fc8664c63dd4f88c82b570d373013003a7b0a667a3e1c4e8d1c3c,True,saddle,S00,identity,33.24895960371941,results/symmetry_preserving_global_layout_v1/witnesses/saddle_P_mid_S00.npz
4.634400920864219,0.7565340821980036,0.13163210810861997,0.6249019740893835,27.87096899561378,1.7506673738750176,1.421848545763743,24.698453075975017,6.013931351976433,,6,True,5.268863848410547,1,,,saddle/P_mid/S01/default,True,0.061705838828350915,6,0.00012344976228168407,0.9204383955275213,0.5347404883375626,False,5,True,T21,P_mid,8,default,20261012,6f296593251fc8664c63dd4f88c82b570d373013003a7b0a667a3e1c4e8d1c3c,True,saddle,S01,reflect_x,26.20942580420524,results/symmetry_preserving_global_layout_v1/witnesses/saddle_P_mid_S01.npz
4.391461026380606,0.7565340821980036,0.13163210810861997,0.6249019740893835,26.40994514753293,1.2842526751585677,1.3932600071818178,23.732432465192545,6.013931351976433,,6,True,12.022004877217114,2,,,saddle/P_mid/S02/default,True,8.488968942891244e-05,6,0.00013159068026940939,0.6230478793064195,0.9214859220843001,False,5,True,T21,P_mid,8,default,20261012,6f296593251fc8664c63dd4f88c82b570d373013003a7b0a667a3e1c4e8d1c3c,True,saddle,S02,reflect_y,25.661385807208717,results/symmetry_preserving_global_layout_v1/witnesses/saddle_P_mid_S02.npz
3.785405577823898,0.7565340821980036,0.13163210810861997,0.6249019740893835,22.765169284421606,1.0387064431397557,0.9216065155348451,20.804856325747004,6.013931351976433,,6,True,13.849816307425499,3,,,saddle/P_mid/S03/default,True,0.001977458393865788,6,0.0006587491496377329,0.35492819233714057,0.9199232209306238,False,5,True,T21,P_mid,8,default,20261012,6f296593251fc8664c63dd4f88c82b570d373013003a7b0a667a3e1c4e8d1c3c,True,saddle,S03,rotate_180,32.26821151934564,results/symmetry_preserving_global_layout_v1/witnesses/saddle_P_mid_S03.npz
