C_q,E_NUC,E_miss,E_rep,IK_enumeration_time_shared,J_q,L_S,anisotropy_level,canonical_layout,collision_pass,continuation_time,evaluated_transitions,failure_reason,geometry_baseline,layout_id,lift_found,max_axis_error,max_position_error,min_sigma_min_5,minimum_absolute_joint_margin_rad,overall_pass,placement_id,q_sample_count,remesh_id,root_id,search_budget,strict_coverage_pass,strict_kinematics_pass,surface_id,total_execution_evaluation_time,witness_file
,0.5837753363973166,0.3344242454590675,0.24935109093824914,22.367973817512393,,9.294206834155696,P_high,True,False,4.149314822629094,395,continuous_lift_not_found_under_budget,False,R00_M00,False,,,,,False,T33,0,M00,R00,default,False,False,hemisphere,5.111539842560887,
,0.5829480013250676,0.33442424545906746,0.24852375586600017,35.46528089977801,,9.290828297140584,P_high,False,False,2.265304856002331,204,continuous_lift_not_found_under_budget,False,R00_M01,False,,,,,False,T33,0,M01,R00,default,False,False,hemisphere,2.6392325460910797,
,0.6744920680496813,0.30780856350865604,0.36668350454102533,22.735125962644815,,9.750073901666413,P_high,False,False,0.597479797899723,63,continuous_lift_not_found_under_budget,False,R00_M02,False,,,,,False,T33,0,M02,R00,default,False,False,hemisphere,0.6943987589329481,
,0.5513468848805243,0.3688076303570618,0.1825392545234625,44.03437021654099,,8.389963098013762,P_high,False,False,3.861855032853782,372,continuous_lift_not_found_under_budget,True,R00_M03,False,,,,,False,T33,0,M03,R00,default,False,False,hemisphere,4.5476712845265865,
,0.5842299956148419,0.3358376155571858,0.24839238005765615,22.367973817512393,,9.2855576205698,P_high,False,False,2.993356200866401,327,continuous_lift_not_found_under_budget,False,R01_M00,False,,,,,False,T33,0,M00,R01,default,False,False,hemisphere,3.303575319238007,
,0.5834663670610934,0.33583761555718583,0.2476287515039076,35.46528089977801,,9.282179083554677,P_high,False,False,0.23363941814750433,25,continuous_lift_not_found_under_budget,False,R01_M01,False,,,,,False,T33,0,M01,R01,default,False,False,hemisphere,0.26672406028956175,
,0.6770378928900416,0.29955125869368987,0.37748663419635176,22.735125962644815,,9.762824823033048,P_high,False,False,0.09996963012963533,13,continuous_lift_not_found_under_budget,False,R01_M02,False,,,,,False,T33,0,M02,R01,default,False,False,hemisphere,0.10381827410310507,
,0.568390892457216,0.38305011400162386,0.1853407784555921,44.03437021654099,,8.284399241125346,P_high,False,False,0.5644836267456412,22,continuous_lift_not_found_under_budget,False,R01_M03,False,,,,,False,T33,0,M03,R01,default,False,False,hemisphere,0.5833004619926214,
,0.5830214313154422,0.3358376155571858,0.24718381575825638,22.367973817512393,,9.278800546539559,P_high,False,False,12.06502580922097,558,continuous_lift_not_found_under_budget,False,R02_M00,False,,,,,False,T33,0,M00,R02,default,False,False,hemisphere,12.403019265271723,
,0.5828939381706438,0.33583761555718583,0.247056322613458,35.46528089977801,,9.27880054653956,P_high,False,False,3.228631994687021,302,continuous_lift_not_found_under_budget,False,R02_M01,False,,,,,False,T33,0,M01,R02,default,False,False,hemisphere,3.923205799423158,
,0.6826753948266528,0.2990211971881125,0.3836541976385403,22.735125962644815,,9.766203360048168,P_high,False,False,5.085303068161011,317,continuous_lift_not_found_under_budget,False,R02_M02,False,,,,,False,T33,0,M02,R02,default,False,False,hemisphere,6.002668286673725,
,0.5808933001944347,0.38492853281446493,0.1959647673799698,44.03437021654099,,8.354541118580903,P_high,False,False,6.1396501855924726,308,continuous_lift_not_found_under_budget,False,R02_M03,False,,,,,False,T33,0,M03,R02,default,False,False,hemisphere,6.672732574865222,
,0.5830214313154422,0.3358376155571858,0.24718381575825638,22.367973817512393,,9.278800546539557,P_high,False,False,8.963465639390051,292,continuous_lift_not_found_under_budget,False,R03_M00,False,,,,,False,T33,0,M00,R03,default,False,False,hemisphere,9.150475149042904,
,0.5828939381706437,0.3358376155571858,0.24705632261345797,35.46528089977801,,9.27880054653956,P_high,False,False,0.007106502540409565,6,continuous_lift_not_found_under_budget,False,R03_M01,False,,,,,False,T33,0,M01,R03,default,False,False,hemisphere,0.011042318306863308,
,0.6739377793048016,0.29955125869368987,0.37438652061111166,22.735125962644815,,9.75944628601793,P_high,False,False,7.601586859673262,329,continuous_lift_not_found_under_budget,False,R03_M02,False,,,,,False,T33,0,M02,R03,default,False,False,hemisphere,8.140056489035487,
,0.581465675679686,0.38492853281446493,0.19653714286522106,44.03437021654099,,8.357919655596028,P_high,False,False,0.7325866837054491,36,continuous_lift_not_found_under_budget,False,R03_M03,False,,,,,False,T33,0,M03,R03,default,False,False,hemisphere,0.7683158814907074,
,0.582347320756425,0.33501550384684353,0.24733181690958153,22.367973817512393,,9.28407672856603,P_high,False,False,3.151055603288114,181,continuous_lift_not_found_under_budget,False,R04_M00,False,,,,,False,T33,0,M00,R04,default,False,False,hemisphere,3.160742803476751,
,0.5834663403584941,0.3358376155571858,0.24762872480130835,35.46528089977801,,9.282179083554682,P_high,False,False,4.360566707327962,411,continuous_lift_not_found_under_budget,False,R04_M01,False,,,,,False,T33,0,M01,R04,default,False,False,hemisphere,4.609563525766134,
,0.680111539500136,0.2992616293412095,0.38084991015892655,22.735125962644815,,9.762824823033048,P_high,False,False,17.02240486536175,524,continuous_lift_not_found_under_budget,False,R04_M02,False,,,,,False,T33,0,M02,R04,default,False,False,hemisphere,17.162179657258093,
,0.5689632679424672,0.38305011400162386,0.18591315394084335,44.03437021654099,,8.287777778140464,P_high,False,False,5.121979133225977,338,continuous_lift_not_found_under_budget,False,R04_M03,False,,,,,False,T33,0,M03,R04,default,False,False,hemisphere,5.323933188803494,
,0.5844919030010716,0.33479006090036745,0.24970184210070412,22.367973817512393,,9.291494659419751,P_high,False,False,6.196603938937187,310,continuous_lift_not_found_under_budget,False,R05_M00,False,,,,,False,T33,0,M00,R05,default,False,False,hemisphere,6.302562467753887,
,0.5836645412262234,0.3347900609003674,0.248874480325856,35.46528089977801,,9.288116122404631,P_high,False,False,3.3517912197858095,324,continuous_lift_not_found_under_budget,False,R05_M01,False,,,,,False,T33,0,M01,R05,default,False,False,hemisphere,3.6242640633136034,
,0.6523353225160973,0.309761292268437,0.3425740302476602,22.735125962644815,,9.542344294868428,P_high,False,False,0.29465009085834026,27,continuous_lift_not_found_under_budget,False,R05_M02,False,,,,,False,T33,0,M02,R05,default,False,False,hemisphere,0.3036521514877677,
,0.5718226341123189,0.3764427786326613,0.1953798554796577,44.03437021654099,,8.4270524939301,P_high,False,False,0.48995976615697145,31,continuous_lift_not_found_under_budget,False,R05_M03,False,,,,,False,T33,0,M03,R05,default,False,False,hemisphere,0.49385749641805887,
,0.5825834967742214,0.33479006090036745,0.2477934358738539,22.367973817512393,,9.281359048374393,P_high,False,False,7.7636255184188485,803,continuous_lift_not_found_under_budget,False,R06_M00,False,,,,,False,T33,0,M00,R06,default,False,False,hemisphere,7.819731839001179,
,0.5825197368505225,0.3347900609003674,0.24772967595015508,35.46528089977801,,9.281359048374393,P_high,False,False,15.286711043678224,750,continuous_lift_not_found_under_budget,False,R06_M01,False,,,,,False,T33,0,M01,R06,default,False,False,hemisphere,15.445935877040029,
,0.651110419396066,0.309761292268437,0.341349127127629,22.735125962644815,,9.545722831883548,P_high,False,False,0.06898834183812141,11,continuous_lift_not_found_under_budget,False,R06_M02,False,,,,,False,T33,0,M02,R06,default,False,False,hemisphere,0.07390203606337309,
,0.5692683071081653,0.3748475387969086,0.19442076831125674,44.03437021654099,,8.435997044177348,P_high,False,False,2.6587325762957335,252,continuous_lift_not_found_under_budget,False,R06_M03,False,,,,,False,T33,0,M03,R06,default,False,False,hemisphere,2.771921096369624,
,0.580829183831358,0.33460950877135776,0.24621967506000014,22.367973817512393,,9.282893584672435,P_high,False,False,0.3536476828157902,33,continuous_lift_not_found_under_budget,False,R07_M00,False,,,,,False,T33,0,M00,R07,default,False,False,hemisphere,0.3539549633860588,
,0.5825197368505226,0.33479006090036745,0.2477296759501551,35.46528089977801,,9.281359048374394,P_high,False,False,0.33728918619453907,16,continuous_lift_not_found_under_budget,False,R07_M01,False,,,,,False,T33,0,M01,R07,default,False,False,hemisphere,0.3375118849799037,
,0.6538439997852347,0.3094716629159567,0.344372336869278,22.735125962644815,,9.545722831883548,P_high,False,False,17.160942126065493,817,continuous_lift_not_found_under_budget,False,R07_M02,False,,,,,False,T33,0,M02,R07,default,False,False,hemisphere,17.276092352345586,
,0.5704131114838662,0.3748475387969086,0.1955655726869576,44.03437021654099,,8.442754118207583,P_high,False,False,5.714440762065351,514,continuous_lift_not_found_under_budget,False,R07_M03,False,,,,,False,T33,0,M03,R07,default,False,False,hemisphere,5.771050974726677,
,0.5837753363973166,0.3344242454590675,0.24935109093824914,43.91588345821947,,9.294206834155696,P_low,True,False,8.809002994559705,210,continuous_lift_not_found_under_budget,False,R00_M00,False,,,,,False,T30,0,M00,R00,default,False,False,hemisphere,9.364949736744165,
,0.5829480013250676,0.33442424545906746,0.24852375586600017,25.001888431608677,,9.290828297140584,P_low,False,False,7.348203991539776,416,continuous_lift_not_found_under_budget,False,R00_M01,False,,,,,False,T30,0,M01,R00,default,False,False,hemisphere,8.367329203523695,
,0.6744920680496813,0.30780856350865604,0.36668350454102533,38.33591655828059,,9.750073901666413,P_low,False,False,0.4604466697201133,30,continuous_lift_not_found_under_budget,False,R00_M02,False,,,,,False,T30,0,M02,R00,default,False,False,hemisphere,0.4987422972917557,
,0.5513468848805243,0.3688076303570618,0.1825392545234625,34.43061552103609,,8.389963098013762,P_low,False,False,7.1950186267495155,578,continuous_lift_not_found_under_budget,True,R00_M03,False,,,,,False,T30,0,M03,R00,default,False,False,hemisphere,8.082263709045947,
,0.5842299956148419,0.3358376155571858,0.24839238005765615,43.91588345821947,,9.2855576205698,P_low,False,False,7.306601786985993,269,continuous_lift_not_found_under_budget,False,R01_M00,False,,,,,False,T30,0,M00,R01,default,False,False,hemisphere,8.102333993650973,
,0.5834663670610934,0.33583761555718583,0.2476287515039076,25.001888431608677,,9.282179083554677,P_low,False,False,0.3779285792261362,23,continuous_lift_not_found_under_budget,False,R01_M01,False,,,,,False,T30,0,M01,R01,default,False,False,hemisphere,0.392890932969749,
,0.6770378928900416,0.29955125869368987,0.37748663419635176,38.33591655828059,,9.762824823033048,P_low,False,False,0.18957485910505056,17,continuous_lift_not_found_under_budget,False,R01_M02,False,,,,,False,T30,0,M02,R01,default,False,False,hemisphere,0.2171005690470338,
,0.568390892457216,0.38305011400162386,0.1853407784555921,34.43061552103609,,8.284399241125346,P_low,False,False,1.720508063212037,199,continuous_lift_not_found_under_budget,False,R01_M03,False,,,,,False,T30,0,M03,R01,default,False,False,hemisphere,1.9500337978824973,
,0.5830214313154422,0.3358376155571858,0.24718381575825638,43.91588345821947,,9.278800546539559,P_low,False,False,0.34303276613354683,21,continuous_lift_not_found_under_budget,False,R02_M00,False,,,,,False,T30,0,M00,R02,default,False,False,hemisphere,0.35122926253825426,
,0.5828939381706438,0.33583761555718583,0.247056322613458,25.001888431608677,,9.27880054653956,P_low,False,False,3.5638213409110904,301,continuous_lift_not_found_under_budget,False,R02_M01,False,,,,,False,T30,0,M01,R02,default,False,False,hemisphere,4.041030238382518,
,0.6826753948266528,0.2990211971881125,0.3836541976385403,38.33591655828059,,9.766203360048168,P_low,False,False,13.048746481537819,623,continuous_lift_not_found_under_budget,False,R02_M02,False,,,,,False,T30,0,M02,R02,default,False,False,hemisphere,14.218087382614613,
,0.5808933001944347,0.38492853281446493,0.1959647673799698,34.43061552103609,,8.354541118580903,P_low,False,False,3.461569160223007,311,continuous_lift_not_found_under_budget,False,R02_M03,False,,,,,False,T30,0,M03,R02,default,False,False,hemisphere,3.811694337055087,
,0.5830214313154422,0.3358376155571858,0.24718381575825638,43.91588345821947,,9.278800546539557,P_low,False,False,10.999868657439947,779,continuous_lift_not_found_under_budget,False,R03_M00,False,,,,,False,T30,0,M00,R03,default,False,False,hemisphere,11.379643503576517,
,0.5828939381706437,0.3358376155571858,0.24705632261345797,25.001888431608677,,9.27880054653956,P_low,False,False,7.907967237755656,339,continuous_lift_not_found_under_budget,False,R03_M01,False,,,,,False,T30,0,M01,R03,default,False,False,hemisphere,8.18975099362433,
,0.6739377793048016,0.29955125869368987,0.37438652061111166,38.33591655828059,,9.75944628601793,P_low,False,False,0.6620693570002913,50,continuous_lift_not_found_under_budget,False,R03_M02,False,,,,,False,T30,0,M02,R03,default,False,False,hemisphere,0.7191223846748471,
,0.581465675679686,0.38492853281446493,0.19653714286522106,34.43061552103609,,8.357919655596028,P_low,False,False,6.5545533541589975,345,continuous_lift_not_found_under_budget,False,R03_M03,False,,,,,False,T30,0,M03,R03,default,False,False,hemisphere,6.68944648001343,
,0.582347320756425,0.33501550384684353,0.24733181690958153,43.91588345821947,,9.28407672856603,P_low,False,False,0.41729988157749176,35,continuous_lift_not_found_under_budget,False,R04_M00,False,,,,,False,T30,0,M00,R04,default,False,False,hemisphere,0.41767908073961735,
,0.5834663403584941,0.3358376155571858,0.24762872480130835,25.001888431608677,,9.282179083554682,P_low,False,False,8.84840653091669,309,continuous_lift_not_found_under_budget,False,R04_M01,False,,,,,False,T30,0,M01,R04,default,False,False,hemisphere,8.958071782253683,
,0.680111539500136,0.2992616293412095,0.38084991015892655,38.33591655828059,,9.762824823033048,P_low,False,False,12.510772769339383,844,continuous_lift_not_found_under_budget,False,R04_M02,False,,,,,False,T30,0,M02,R04,default,False,False,hemisphere,12.885607544332743,
,0.5689632679424672,0.38305011400162386,0.18591315394084335,34.43061552103609,,8.287777778140464,P_low,False,False,16.183570710010827,994,continuous_lift_not_found_under_budget,False,R04_M03,False,,,,,False,T30,0,M03,R04,default,False,False,hemisphere,16.2312079295516,
,0.5844919030010716,0.33479006090036745,0.24970184210070412,43.91588345821947,,9.291494659419751,P_low,False,False,2.0935487039387226,212,continuous_lift_not_found_under_budget,False,R05_M00,False,,,,,False,T30,0,M00,R05,default,False,False,hemisphere,2.223870704881847,
,0.5836645412262234,0.3347900609003674,0.248874480325856,25.001888431608677,,9.288116122404631,P_low,False,False,1.2904340792447329,27,continuous_lift_not_found_under_budget,False,R05_M01,False,,,,,False,T30,0,M01,R05,default,False,False,hemisphere,1.290830660611391,
,0.6523353225160973,0.309761292268437,0.3425740302476602,38.33591655828059,,9.542344294868428,P_low,False,False,0.18905013427138329,24,continuous_lift_not_found_under_budget,False,R05_M02,False,,,,,False,T30,0,M02,R05,default,False,False,hemisphere,0.1959759620949626,
,0.5718226341123189,0.3764427786326613,0.1953798554796577,34.43061552103609,,8.4270524939301,P_low,False,False,0.8402159065008163,50,continuous_lift_not_found_under_budget,False,R05_M03,False,,,,,False,T30,0,M03,R05,default,False,False,hemisphere,0.8440913250669837,
,0.5825834967742214,0.33479006090036745,0.2477934358738539,43.91588345821947,,9.281359048374393,P_low,False,False,5.791817678138614,300,continuous_lift_not_found_under_budget,False,R06_M00,False,,,,,False,T30,0,M00,R06,default,False,False,hemisphere,5.884614813141525,
,0.5825197368505225,0.3347900609003674,0.24772967595015508,25.001888431608677,,9.281359048374393,P_low,False,False,0.09540443494915962,9,continuous_lift_not_found_under_budget,False,R06_M01,False,,,,,False,T30,0,M01,R06,default,False,False,hemisphere,0.09987171832472086,
11.91708273762647,0.651110419396066,0.309761292268437,0.341349127127629,38.33591655828059,113.7571687780063,9.545722831883548,P_low,False,True,7.99942437838763,577,,False,R06_M02,True,0.0006543214931023113,0.00033374253113308466,0.10965137698740572,0.15517091653595294,True,T30,5316,M02,R06,default,True,True,hemisphere,15.50513288937509,results/global_layout_capacity_gate_v1/witnesses/hemisphere_P_low_R06_M02.npz
,0.5692683071081653,0.3748475387969086,0.19442076831125674,34.43061552103609,,8.435997044177348,P_low,False,False,2.853996956720948,296,continuous_lift_not_found_under_budget,False,R06_M03,False,,,,,False,T30,0,M03,R06,default,False,False,hemisphere,2.923211910761893,
,0.580829183831358,0.33460950877135776,0.24621967506000014,43.91588345821947,,9.282893584672435,P_low,False,False,0.5528837563470006,18,continuous_lift_not_found_under_budget,False,R07_M00,False,,,,,False,T30,0,M00,R07,default,False,False,hemisphere,0.5567031307145953,
11.89832422360991,0.5825197368505226,0.33479006090036745,0.2477296759501551,25.001888431608677,110.43261919329407,9.281359048374394,P_low,False,True,9.190129064954817,329,,False,R07_M01,True,0.13652413580817416,0.0009550436723700692,0.12588043397931734,0.5034950097081503,True,T30,5149,M01,R07,default,True,True,hemisphere,20.017504764720798,results/global_layout_capacity_gate_v1/witnesses/hemisphere_P_low_R07_M01.npz
,0.6538439997852347,0.3094716629159567,0.344372336869278,38.33591655828059,,9.545722831883548,P_low,False,False,5.5889834286645055,552,continuous_lift_not_found_under_budget,False,R07_M02,False,,,,,False,T30,0,M02,R07,default,False,False,hemisphere,5.666395838372409,
,0.5704131114838662,0.3748475387969086,0.1955655726869576,34.43061552103609,,8.442754118207583,P_low,False,False,3.262949461117387,250,continuous_lift_not_found_under_budget,False,R07_M03,False,,,,,False,T30,0,M03,R07,default,False,False,hemisphere,3.30964860599488,
,0.5837753363973166,0.3344242454590675,0.24935109093824914,34.88022122904658,,9.294206834155696,P_mid,True,False,7.005766334943473,324,continuous_lift_not_found_under_budget,False,R00_M00,False,,,,,False,T27,0,M00,R00,default,False,False,hemisphere,7.594774262979627,
11.298443421302494,0.5829480013250676,0.33442424545906746,0.24852375586600017,28.829566136933863,104.97189785227908,9.290828297140584,P_mid,False,True,5.043731765821576,429,,False,R00_M01,True,0.00048723753962788004,0.00023886535209301346,0.14967430196512105,0.5360527800398613,True,T27,5097,M01,R00,default,True,True,hemisphere,17.094522267580032,results/global_layout_capacity_gate_v1/witnesses/hemisphere_P_mid_R00_M01.npz
11.553411813549069,0.6744920680496813,0.30780856350865604,0.36668350454102533,38.08150359336287,112.6466189984892,9.750073901666413,P_mid,False,True,18.162360412068665,617,,False,R00_M02,True,0.0006000773148008489,0.00020710987729785985,0.15971233650411798,0.5415836836289025,True,T27,5348,M02,R00,default,True,True,hemisphere,29.91288125514984,results/global_layout_capacity_gate_v1/witnesses/hemisphere_P_mid_R00_M02.npz
,0.5513468848805243,0.3688076303570618,0.1825392545234625,27.40139724686742,,8.389963098013762,P_mid,False,False,17.312478343956172,535,continuous_lift_not_found_under_budget,True,R00_M03,False,,,,,False,T27,0,M03,R00,default,False,False,hemisphere,18.39936037734151,
,0.5842299956148419,0.3358376155571858,0.24839238005765615,34.88022122904658,,9.2855576205698,P_mid,False,False,7.56317104306072,223,continuous_lift_not_found_under_budget,False,R01_M00,False,,,,,False,T27,0,M00,R01,default,False,False,hemisphere,8.37275824509561,
11.270379636700309,0.5834663670610934,0.33583761555718583,0.2476287515039076,28.829566136933863,104.61368212750017,9.282179083554677,P_mid,False,True,13.822531936690211,556,,False,R01_M01,True,0.0004916134195945668,0.00023886535209296215,0.14967430196512063,0.015121585557865913,True,T27,5112,M01,R01,default,True,True,hemisphere,23.611728286370635,results/global_layout_capacity_gate_v1/witnesses/hemisphere_P_mid_R01_M01.npz
,0.6770378928900416,0.29955125869368987,0.37748663419635176,38.08150359336287,,9.762824823033048,P_mid,False,False,8.336209552362561,508,continuous_lift_not_found_under_budget,False,R01_M02,False,,,,,False,T27,0,M02,R01,default,False,False,hemisphere,8.715878169052303,
,0.568390892457216,0.38305011400162386,0.1853407784555921,27.40139724686742,,8.284399241125346,P_mid,False,False,0.4320974564179778,23,continuous_lift_not_found_under_budget,False,R01_M03,False,,,,,False,T27,0,M03,R01,default,False,False,hemisphere,0.4502329444512725,
,0.5830214313154422,0.3358376155571858,0.24718381575825638,34.88022122904658,,9.278800546539559,P_mid,False,False,19.33284837193787,757,continuous_lift_not_found_under_budget,False,R02_M00,False,,,,,False,T27,0,M00,R02,default,False,False,hemisphere,19.757900808937848,
11.296627129246012,0.5828939381706438,0.33583761555718583,0.247056322613458,28.829566136933863,104.81914998090153,9.27880054653956,P_mid,False,True,9.560388183221221,579,,False,R02_M01,True,0.10473874564418725,0.000575637690065859,0.14967430196512083,0.5360527800398613,True,T27,5111,M01,R02,default,True,True,hemisphere,17.371211326681077,results/global_layout_capacity_gate_v1/witnesses/hemisphere_P_mid_R02_M01.npz
11.231315783722275,0.6826753948266528,0.2990211971881125,0.3836541976385403,38.08150359336287,109.68731394475051,9.766203360048168,P_mid,False,True,6.974413312040269,634,,False,R02_M02,True,0.1039875887519124,0.0006140116291642908,0.15971233650411829,0.5415932648101163,True,T27,5356,M02,R02,default,True,True,hemisphere,14.076701700687408,results/global_layout_capacity_gate_v1/witnesses/hemisphere_P_mid_R02_M02.npz
,0.5808933001944347,0.38492853281446493,0.1959647673799698,27.40139724686742,,8.354541118580903,P_mid,False,False,0.4908246621489525,33,continuous_lift_not_found_under_budget,False,R02_M03,False,,,,,False,T27,0,M03,R02,default,False,False,hemisphere,0.502123792655766,
11.269964142903609,0.5830214313154422,0.3358376155571858,0.24718381575825638,34.88022122904658,104.57174944865521,9.278800546539557,P_mid,False,True,15.683373061940074,663,,False,R03_M00,True,0.0005100564537455756,0.0005695456687632103,0.14338146675987629,0.5213858910408589,True,T27,5107,M00,R03,default,True,True,hemisphere,23.07043289206922,results/global_layout_capacity_gate_v1/witnesses/hemisphere_P_mid_R03_M00.npz
11.28009574424327,0.5828939381706437,0.3358376155571858,0.24705632261345797,28.829566136933863,104.66575855670303,9.27880054653956,P_mid,False,True,5.698383122682571,543,,False,R03_M01,True,0.0007609113943769309,0.00037226565987958315,0.10152813405188339,0.28038139409394436,True,T27,5084,M01,R03,default,True,True,hemisphere,12.321096807718277,results/global_layout_capacity_gate_v1/witnesses/hemisphere_P_mid_R03_M01.npz
,0.6739377793048016,0.29955125869368987,0.37438652061111166,38.08150359336287,,9.75944628601793,P_mid,False,False,0.5588317764922976,65,continuous_lift_not_found_under_budget,False,R03_M02,False,,,,,False,T27,0,M02,R03,default,False,False,hemisphere,0.5769056137651205,
,0.581465675679686,0.38492853281446493,0.19653714286522106,27.40139724686742,,8.357919655596028,P_mid,False,False,0.20087895262986422,18,continuous_lift_not_found_under_budget,False,R03_M03,False,,,,,False,T27,0,M03,R03,default,False,False,hemisphere,0.2190263271331787,
,0.582347320756425,0.33501550384684353,0.24733181690958153,34.88022122904658,,9.28407672856603,P_mid,False,False,5.583294494077563,397,continuous_lift_not_found_under_budget,False,R04_M00,False,,,,,False,T27,0,M00,R04,default,False,False,hemisphere,5.630484628491104,
,0.5834663403584941,0.3358376155571858,0.24762872480130835,28.829566136933863,,9.282179083554682,P_mid,False,False,4.340576397255063,506,continuous_lift_not_found_under_budget,False,R04_M01,False,,,,,False,T27,0,M01,R04,default,False,False,hemisphere,4.411563971079886,
,0.680111539500136,0.2992616293412095,0.38084991015892655,38.08150359336287,,9.762824823033048,P_mid,False,False,4.4580601546913385,510,continuous_lift_not_found_under_budget,False,R04_M02,False,,,,,False,T27,0,M02,R04,default,False,False,hemisphere,4.574312126263976,
,0.5689632679424672,0.38305011400162386,0.18591315394084335,27.40139724686742,,8.287777778140464,P_mid,False,False,10.54091782309115,512,continuous_lift_not_found_under_budget,False,R04_M03,False,,,,,False,T27,0,M03,R04,default,False,False,hemisphere,11.084632063284516,
11.182088295142474,0.5844919030010716,0.33479006090036745,0.24970184210070412,34.88022122904658,103.8983136754764,9.291494659419751,P_mid,False,True,6.066752986982465,551,,False,R05_M00,True,0.0020674241083650643,0.0003384238696110693,0.1433814667598754,0.0,True,T27,5124,M00,R05,default,True,True,hemisphere,12.550576800480485,results/global_layout_capacity_gate_v1/witnesses/hemisphere_P_mid_R05_M00.npz
,0.5836645412262234,0.3347900609003674,0.248874480325856,28.829566136933863,,9.288116122404631,P_mid,False,False,0.13247029669582844,19,continuous_lift_not_found_under_budget,False,R05_M01,False,,,,,False,T27,0,M01,R05,default,False,False,hemisphere,0.13267958909273148,
,0.6523353225160973,0.309761292268437,0.3425740302476602,38.08150359336287,,9.542344294868428,P_mid,False,False,0.26584154088050127,36,continuous_lift_not_found_under_budget,False,R05_M02,False,,,,,False,T27,0,M02,R05,default,False,False,hemisphere,0.27037927880883217,
,0.5718226341123189,0.3764427786326613,0.1953798554796577,27.40139724686742,,8.4270524939301,P_mid,False,False,0.016892477869987488,8,continuous_lift_not_found_under_budget,False,R05_M03,False,,,,,False,T27,0,M03,R05,default,False,False,hemisphere,0.01708642952144146,
11.232628650891337,0.5825834967742214,0.33479006090036745,0.2477934358738539,34.88022122904658,104.25405956597976,9.281359048374393,P_mid,False,True,5.478797254152596,653,,False,R06_M00,True,0.0005100564533102422,0.0002928804080749705,0.14338146675987584,0.0,True,T27,5118,M00,R06,default,True,True,hemisphere,11.956954919733107,results/global_layout_capacity_gate_v1/witnesses/hemisphere_P_mid_R06_M00.npz
11.294077109806404,0.5825197368505225,0.3347900609003674,0.24772967595015508,28.829566136933863,104.82438477613978,9.281359048374393,P_mid,False,True,6.022214978933334,719,,False,R06_M01,True,0.0004916134189170691,0.00023886535209306098,0.14967430196512047,0.5360527800398618,True,T27,5121,M01,R06,default,True,True,hemisphere,12.436288310214877,results/global_layout_capacity_gate_v1/witnesses/hemisphere_P_mid_R06_M01.npz
,0.651110419396066,0.309761292268437,0.341349127127629,38.08150359336287,,9.545722831883548,P_mid,False,False,3.25591142103076,382,continuous_lift_not_found_under_budget,False,R06_M02,False,,,,,False,T27,0,M02,R06,default,False,False,hemisphere,3.339559600688517,
,0.5692683071081653,0.3748475387969086,0.19442076831125674,27.40139724686742,,8.435997044177348,P_mid,False,False,2.815401474945247,252,continuous_lift_not_found_under_budget,False,R06_M03,False,,,,,False,T27,0,M03,R06,default,False,False,hemisphere,2.9637223361060023,
,0.580829183831358,0.33460950877135776,0.24621967506000014,34.88022122904658,,9.282893584672435,P_mid,False,False,5.031445193104446,613,continuous_lift_not_found_under_budget,False,R07_M00,False,,,,,False,T27,0,M00,R07,default,False,False,hemisphere,5.10274020396173,
,0.5825197368505226,0.33479006090036745,0.2477296759501551,28.829566136933863,,9.281359048374394,P_mid,False,False,1.8614335916936398,238,continuous_lift_not_found_under_budget,False,R07_M01,False,,,,,False,T27,0,M01,R07,default,False,False,hemisphere,1.9016371257603168,
11.30511564406664,0.6538439997852347,0.3094716629159567,0.344372336869278,38.08150359336287,107.91550052065082,9.545722831883548,P_mid,False,True,2.8075364949181676,328,,False,R07_M02,True,0.0006000773149858622,0.0007332129876072355,0.15971233650411842,0.0,True,T27,5282,M02,R07,default,True,True,hemisphere,9.470809712074697,results/global_layout_capacity_gate_v1/witnesses/hemisphere_P_mid_R07_M02.npz
,0.5704131114838662,0.3748475387969086,0.1955655726869576,27.40139724686742,,8.442754118207583,P_mid,False,False,7.1051995335146785,532,continuous_lift_not_found_under_budget,False,R07_M03,False,,,,,False,T27,0,M03,R07,default,False,False,hemisphere,7.223296951502562,
3.3827878115790018,0.6040177400102164,0.30258566722049673,0.3014320727897196,21.39005683362484,17.55195195794247,5.1886056517833,P_high,True,True,18.094331350177526,1076,,False,R00_M00,True,0.06169628944215298,0.00020494595827868844,0.9652548439771594,0.0,True,T10,2868,M00,R00,default,True,True,saddle,22.17835132498294,results/global_layout_capacity_gate_v1/witnesses/saddle_P_high_R00_M00.npz
4.132467894851678,0.6127441173582112,0.23940679345981508,0.37333732389839613,16.222128286026418,20.806709362292892,5.034935513525552,P_high,False,True,11.484388818964362,648,,False,R00_M01,True,0.10687474486308617,0.0006421574722850174,0.397316252548213,0.5360299256369654,True,T10,2816,M01,R00,default,True,True,saddle,16.081085887737572,results/global_layout_capacity_gate_v1/witnesses/saddle_P_high_R00_M01.npz
3.8368486898483973,0.5321987402674632,0.2777311558595062,0.25446758440795697,11.73379092477262,17.77829083512271,4.633565791155859,P_high,False,True,10.25718798302114,862,,False,R00_M02,True,0.1068690339623148,0.0008266672976563181,0.9248531406860853,0.0,True,T10,2522,M02,R00,default,True,True,saddle,16.217111357487738,results/global_layout_capacity_gate_v1/witnesses/saddle_P_high_R00_M02.npz
,0.5693641482462517,0.27434392960486953,0.2950202186413822,13.672887451015413,,4.960293235067571,P_high,False,False,13.107478735037148,600,continuous_lift_not_found_under_budget,False,R00_M03,False,,,,,False,T10,0,M03,R00,default,False,False,saddle,13.546068908646703,
3.826311314628289,0.6031027189248956,0.301670646135176,0.3014320727897196,21.39005683362484,19.853220512562718,5.188605651783297,P_high,False,True,15.46650711260736,667,,False,R01_M00,True,0.10692454374323004,0.0005855317908387548,0.3719639014452286,0.12947550916455608,True,T10,2869,M00,R01,default,True,True,saddle,21.313480670563877,results/global_layout_capacity_gate_v1/witnesses/saddle_P_high_R01_M00.npz
3.687420775098986,0.6250951303475902,0.232980823945163,0.39211430640242717,16.222128286026418,18.971975086966417,5.145052936481633,P_high,False,True,3.2972856760025024,243,,False,R01_M01,True,0.00012547735742436615,0.0002366215272443752,0.37254851885066786,1.2109254072258606,True,T10,2755,M01,R01,default,True,True,saddle,12.542468511499465,results/global_layout_capacity_gate_v1/witnesses/saddle_P_high_R01_M01.npz
3.8927215621958458,0.5250255384647137,0.2869635045832077,0.23806203388150596,11.73379092477262,17.809440462854717,4.57506147776174,P_high,False,True,9.368263829499483,663,,False,R01_M02,True,2.4773098696941836e-05,8.005262706224825e-06,0.9248531406860846,0.154033428086092,True,T10,2513,M02,R01,default,True,True,saddle,12.604039570316672,results/global_layout_capacity_gate_v1/witnesses/saddle_P_high_R01_M02.npz
4.048323937342121,0.47354586420713785,0.2460332045492026,0.2275126596579352,13.672887451015413,19.320793104429292,4.772541279666995,P_high,False,True,9.222610503435135,677,,True,R01_M03,True,0.0003618235919135738,0.0007878633847775402,0.3719639014452265,1.1200234034017216,True,T10,2666,M03,R01,default,True,True,saddle,17.523620923049748,results/global_layout_capacity_gate_v1/witnesses/saddle_P_high_R01_M03.npz
3.844586171968588,0.6031118483474075,0.3016797755576879,0.3014320727897196,21.39005683362484,19.945001946332734,5.187815035010664,P_high,False,True,8.811530027538538,434,,False,R02_M00,True,2.243899659507378e-05,9.13673794357705e-06,0.9248531117309815,0.653799773648597,True,T10,2868,M00,R02,default,True,True,saddle,12.728294207714498,results/global_layout_capacity_gate_v1/witnesses/saddle_P_high_R02_M00.npz
3.3505809031554645,0.6132468534873877,0.23903392345092733,0.3742129300364604,16.222128286026418,17.126751184117268,5.111576672566798,P_high,False,True,11.734214851632714,713,,False,R02_M01,True,0.0004561488583469155,6.239864599810655e-05,0.9695280552828859,0.018892282821163953,True,T10,2764,M01,R02,default,True,True,saddle,19.807492576539516,results/global_layout_capacity_gate_v1/witnesses/saddle_P_high_R02_M01.npz
4.028325434238045,0.5220785157439566,0.28855290467364314,0.23352561107031342,11.73379092477262,18.614092316737757,4.620801526741247,P_high,False,True,6.497377526946366,487,,False,R02_M02,True,0.00023903176601968947,0.0004270440324731986,0.6238608065934917,1.4913414748429548,True,T10,2556,M02,R02,default,True,True,saddle,11.094979469664395,results/global_layout_capacity_gate_v1/witnesses/saddle_P_high_R02_M02.npz
3.987522736842332,0.5592802994363184,0.23230362608228636,0.3269766733540321,13.672887451015413,20.41541241229769,5.1198234491985355,P_high,False,True,10.164627751335502,647,,False,R02_M03,True,0.00012512022899540946,0.00039618313081945513,0.9248531117309815,1.3140981073103726,True,T10,2862,M03,R02,default,True,True,saddle,18.729122116230428,results/global_layout_capacity_gate_v1/witnesses/saddle_P_high_R02_M03.npz
3.863244951198679,0.6037203408338694,0.3022882680441497,0.3014320727897196,21.39005683362484,20.041800241757535,5.1878150350106615,P_high,False,True,10.558877816423774,670,,False,R03_M00,True,0.1379653066565166,0.0009503666686632914,0.9248531117309814,1.2660636669390994,True,T10,2869,M00,R03,default,True,True,saddle,13.8854162953794,results/global_layout_capacity_gate_v1/witnesses/saddle_P_high_R03_M00.npz
3.956586850138482,0.733074113613586,0.21730500224381052,0.5157691113697754,16.222128286026418,21.804828871114026,5.511019900991394,P_high,False,True,6.701604970730841,526,,False,R03_M01,True,0.008271361871450875,0.0007660682502582992,0.616394008665922,1.1200159252151458,True,T10,3000,M01,R03,default,True,True,saddle,10.635021018795669,results/global_layout_capacity_gate_v1/witnesses/saddle_P_high_R03_M01.npz
3.437357111964169,0.5402671186100159,0.2836023792906182,0.25666473931939765,11.73379092477262,16.184616415911684,4.708447766331586,P_high,False,True,12.336153397336602,719,,False,R03_M02,True,2.145416385105839e-05,6.311300602802534e-06,0.9652545819145669,0.09207387431803316,True,T10,2591,M02,R03,default,True,True,saddle,15.551268708892167,results/global_layout_capacity_gate_v1/witnesses/saddle_P_high_R03_M02.npz
3.6011513091312644,0.5661759113911873,0.23679703996225093,0.32937887142893635,13.672887451015413,18.307743881650964,5.083858552465959,P_high,False,True,19.43488994985819,784,,False,R03_M03,True,0.10697643729759665,0.0004752737116483151,0.9652548439771591,0.0027108122877068652,True,T10,2859,M03,R03,default,True,True,saddle,25.09079137071967,results/global_layout_capacity_gate_v1/witnesses/saddle_P_high_R03_M03.npz
3.841102519156321,0.600239981156266,0.3010667183599701,0.2991732627962959,21.39005683362484,19.928659936162187,5.188265566142562,P_high,False,True,17.113675135187805,722,,False,R04_M00,True,7.064058565312136e-05,8.322394364890845e-06,0.9248531117309812,1.5217393695992274,True,T10,2867,M00,R04,default,True,True,saddle,22.115335295908153,results/global_layout_capacity_gate_v1/witnesses/saddle_P_high_R04_M00.npz
3.40049366278277,0.6931300593724685,0.23265439896059456,0.460475660411874,16.222128286026418,18.03098933178729,5.302462265738133,P_high,False,True,21.826415474526584,947,,False,R04_M01,True,2.1444608931088895e-05,6.81233440075553e-06,0.9652545819145665,1.272300152681897,True,T10,2894,M01,R04,default,True,True,saddle,27.92266469541937,results/global_layout_capacity_gate_v1/witnesses/saddle_P_high_R04_M01.npz
3.4314304551983774,0.5445686895582387,0.28747957813871855,0.2570891114195201,11.73379092477262,15.97990146724439,4.656921268223856,P_high,False,True,17.019942136481404,1134,,False,R04_M02,True,0.00023678670264803704,0.00017377853584595165,0.965254581914566,0.045875274432352064,True,T10,2560,M02,R04,default,True,True,saddle,20.816640668548644,results/global_layout_capacity_gate_v1/witnesses/saddle_P_high_R04_M02.npz
3.580023475106407,0.5494973127630518,0.2436970499764488,0.30580026278660294,13.672887451015413,17.86684574844916,4.990706310359631,P_high,False,True,18.99175925180316,1076,,False,R04_M03,True,0.1069492153379728,0.0003718211962356533,0.9652548439771597,1.2723006050394794,True,T10,2807,M03,R04,default,True,True,saddle,25.289618185721338,results/global_layout_capacity_gate_v1/witnesses/saddle_P_high_R04_M03.npz
3.3998138948533456,0.5999315570172621,0.3010667183599701,0.29886483865729196,21.39005683362484,17.642245263261117,5.189179704797381,P_high,False,True,14.08125377818942,862,,False,R05_M00,True,0.10686372542785202,0.0005381152749230651,0.9652548439771597,0.09207936373810277,True,T10,2869,M00,R05,default,True,True,saddle,21.72488045040518,results/global_layout_capacity_gate_v1/witnesses/saddle_P_high_R05_M00.npz
3.950264308267849,0.6320358963802525,0.2543812879019022,0.3776546084783503,16.222128286026418,19.886412452705468,5.034197942422101,P_high,False,True,16.549886263906956,870,,False,R05_M01,True,0.06170203950766768,0.00028007884262880024,0.9248531406860847,1.5217450071748289,True,T10,2793,M01,R05,default,True,True,saddle,21.079035902395844,results/global_layout_capacity_gate_v1/witnesses/saddle_P_high_R05_M01.npz
3.393229839353795,0.5331612849055357,0.27894553652249104,0.25421574838304467,11.73379092477262,15.695030257031725,4.625395567080324,P_high,False,True,10.048818881623447,655,,False,R05_M02,True,2.4827320099107534e-05,5.461854195052587e-05,0.9652545819145664,0.045875274432351176,True,T10,2526,M02,R05,default,True,True,saddle,15.586169108748436,results/global_layout_capacity_gate_v1/witnesses/saddle_P_high_R05_M02.npz
4.044067123027895,0.5469025893241437,0.24583897912413072,0.30106361020001293,13.672887451015413,20.296722854250916,5.018888716924721,P_high,False,True,4.765397275798023,236,,False,R05_M03,True,2.145235774876356e-05,5.855174711029975e-06,0.616394179214124,1.4876100626620472,True,T10,2808,M03,R05,default,True,True,saddle,10.024915052577853,results/global_layout_capacity_gate_v1/witnesses/saddle_P_high_R05_M03.npz
3.399775041245064,0.6039637911178647,0.30253171832814507,0.3014320727897196,21.39005683362484,17.640469700337412,5.18871674929325,P_high,False,True,12.185814063064754,1076,,False,R06_M00,True,0.10687918196708357,0.0005347495163818087,0.9652548439771594,1.2723006050394794,True,T10,2869,M00,R06,default,True,True,saddle,19.614384030923247,results/global_layout_capacity_gate_v1/witnesses/saddle_P_high_R06_M00.npz
3.962493106847865,0.6813135694309056,0.23148405318309873,0.4498295162478068,16.222128286026418,21.01363417730142,5.30313456974506,P_high,False,True,7.4725432908162475,434,,False,R06_M01,True,2.554295488918402e-05,8.0520279669904e-06,0.9248531406860849,1.3140981073103726,True,T10,2948,M01,R06,default,True,True,saddle,11.838515581563115,results/global_layout_capacity_gate_v1/witnesses/saddle_P_high_R06_M01.npz
3.4004273523724984,0.559156630736297,0.27638231687765125,0.28277431385864576,11.73379092477262,16.05380786205077,4.721114788954375,P_high,False,True,14.042875867336988,862,,False,R06_M02,True,0.001030130751822191,0.00019020912393649713,0.965254581914567,0.045875274432351176,True,T10,2583,M02,R06,default,True,True,saddle,20.684678540565073,results/global_layout_capacity_gate_v1/witnesses/saddle_P_high_R06_M02.npz
3.5622382429279056,0.5798486154041345,0.25931939252938885,0.32052922287474556,13.672887451015413,18.0458894056637,5.065885034918739,P_high,False,True,13.887526660226285,786,,False,R06_M03,True,0.10695549004443686,0.000582958014439779,0.9652548439771594,0.045875274432351176,True,T10,2844,M03,R06,default,True,True,saddle,20.699210978113115,results/global_layout_capacity_gate_v1/witnesses/saddle_P_high_R06_M03.npz
3.809308612654713,0.6033766539178425,0.3019445811281228,0.3014320727897196,21.39005683362484,19.76542340170858,5.188716749293261,P_high,False,True,15.319010922685266,648,,False,R07_M00,True,0.10687901043289573,0.0005863517953824824,0.3719639014452297,1.1200234034017207,True,T10,2869,M00,R07,default,True,True,saddle,19.64216344244778,results/global_layout_capacity_gate_v1/witnesses/saddle_P_high_R07_M00.npz
4.000133476021,0.6513789002289497,0.24484573973846216,0.4065331604904876,16.222128286026418,20.35639044940519,5.088927799892826,P_high,False,True,13.785201095975935,854,,False,R07_M01,True,0.061706601022571465,0.00014510298648053542,0.9248531406860846,1.3140981073103726,True,T10,2820,M01,R07,default,True,True,saddle,18.27084044739604,results/global_layout_capacity_gate_v1/witnesses/saddle_P_high_R07_M01.npz
3.84244580388374,0.5307445810269684,0.2892406191013884,0.24150396192558,11.73379092477262,17.67139838575741,4.598997432285473,P_high,False,True,18.01810560375452,648,,False,R07_M02,True,2.4766819225667423e-05,8.191122711616257e-06,0.9248531406860849,1.5217393695992274,True,T10,2506,M02,R07,default,True,True,saddle,24.004756031557918,results/global_layout_capacity_gate_v1/witnesses/saddle_P_high_R07_M02.npz
3.4847349106758005,0.5193036727850582,0.2634557873190057,0.2558478854660525,13.672887451015413,16.94824986126323,4.863569337610368,P_high,False,True,8.743396586738527,648,,False,R07_M03,True,0.00012165226053146594,0.00022568836482251384,0.9652548439771595,0.045875274432352064,True,T10,2693,M03,R07,default,True,True,saddle,15.602246940135956,results/global_layout_capacity_gate_v1/witnesses/saddle_P_high_R07_M03.npz
4.119471798924245,0.6040177400102164,0.30258566722049673,0.3014320727897196,19.524598671123385,21.374314658260253,5.1886056517833,P_low,True,True,9.299072266556323,648,,False,R00_M00,True,0.10687940379018086,0.0002553127119436619,0.8815777597735203,1.0274135589120137,True,T17,2869,M00,R00,default,True,True,saddle,13.745302129536867,results/global_layout_capacity_gate_v1/witnesses/saddle_P_low_R00_M00.npz
4.335294993560262,0.6127441173582112,0.23940679345981508,0.37333732389839613,14.503481439314783,21.82793072468609,5.034935513525552,P_low,False,True,8.076306676492095,648,,False,R00_M01,True,0.06134626817017033,0.00023376564445657408,0.5608381888565656,1.0274142144517064,True,T17,2770,M01,R00,default,True,True,saddle,13.91285695694387,results/global_layout_capacity_gate_v1/witnesses/saddle_P_low_R00_M01.npz
4.056028775830712,0.5321987402674632,0.2777311558595062,0.25446758440795697,26.660801493562758,18.793876183632964,4.633565791155859,P_low,False,True,10.415838561020792,862,,False,R00_M02,True,2.6815040146119488e-05,6.556823018950912e-06,0.8815784286244989,1.0274142100116936,True,T17,2526,M02,R00,default,True,True,saddle,13.867789986543357,results/global_layout_capacity_gate_v1/witnesses/saddle_P_low_R00_M02.npz
4.436954306997143,0.5693641482462517,0.27434392960486953,0.2950202186413822,18.113888424821198,22.00859443330185,4.960293235067571,P_low,False,True,11.700252219103277,651,,False,R00_M03,True,2.8443604095383558e-05,0.00030507813952106535,0.39265685090607544,1.2927167125488896,True,T17,2748,M03,R00,default,True,True,saddle,16.34341130964458,results/global_layout_capacity_gate_v1/witnesses/saddle_P_low_R00_M03.npz
4.1699309759382395,0.6031027189248956,0.301670646135176,0.3014320727897196,19.524598671123385,21.63612742929939,5.188605651783297,P_low,False,True,13.154634078033268,661,,False,R01_M00,True,0.06119806449118842,0.00022446863034793343,0.5606895329015824,0.5505357867334553,True,T17,2868,M00,R01,default,True,True,saddle,18.625660623423755,results/global_layout_capacity_gate_v1/witnesses/saddle_P_low_R01_M00.npz
4.098109842707282,0.6250951303475902,0.232980823945163,0.39211430640242717,14.503481439314783,21.084992080245385,5.145052936481633,P_low,False,True,10.264398255385458,862,,False,R01_M01,True,0.10672128136285591,0.0004949587685818728,0.5608381888565652,1.022250762086638,True,T17,2718,M01,R01,default,True,True,saddle,14.213145790621638,results/global_layout_capacity_gate_v1/witnesses/saddle_P_low_R01_M01.npz
4.183631483874084,0.5250255384647137,0.2869635045832077,0.23806203388150596,26.660801493562758,19.14037123902351,4.57506147776174,P_low,False,True,12.62856722716242,862,,False,R01_M02,True,2.6814501901757488e-05,6.584072448874534e-06,0.5885964590748093,1.146967547253407,True,T17,2512,M02,R01,default,True,True,saddle,19.427938879467547,results/global_layout_capacity_gate_v1/witnesses/saddle_P_low_R01_M02.npz
4.4395094592091455,0.47354586420713785,0.2460332045492026,0.2275126596579352,18.113888424821198,21.187742155547745,4.772541279666995,P_low,False,True,12.797752103768289,648,,True,R01_M03,True,2.9201915505301188e-05,7.786828537060168e-06,0.8150391957222048,0.0,True,T17,2630,M03,R01,default,True,True,saddle,20.250483786687255,results/global_layout_capacity_gate_v1/witnesses/saddle_P_low_R01_M03.npz
4.405550136777145,0.6031118483474075,0.3016797755576879,0.3014320727897196,19.524598671123385,22.855179237065762,5.187815035010664,P_low,False,True,4.213861850090325,220,,False,R02_M00,True,0.0008830338331559011,0.0004314097307695068,0.8150040951718264,1.245507115565061,True,T17,2868,M00,R02,default,True,True,saddle,11.90681418031454,results/global_layout_capacity_gate_v1/witnesses/saddle_P_low_R02_M00.npz
4.7104085447950395,0.6132468534873877,0.23903392345092733,0.3742129300364604,14.503481439314783,24.07761443583364,5.111576672566798,P_low,False,True,7.194231434725225,434,,False,R02_M01,True,5.2494860007710285e-05,0.00036290277313633676,0.6798869946655446,1.0222507566805152,True,T17,2746,M01,R02,default,True,True,saddle,11.01734677143395,results/global_layout_capacity_gate_v1/witnesses/saddle_P_low_R02_M01.npz
4.414747485052874,0.5220785157439566,0.28855290467364314,0.23352561107031342,26.660801493562758,20.3996719191094,4.620801526741247,P_low,False,True,4.256243952549994,220,,False,R02_M02,True,0.0016388597749171336,0.0002748854438862352,0.4616644460173064,0.5221098007062412,True,T17,2540,M02,R02,default,True,True,saddle,7.483814843930304,results/global_layout_capacity_gate_v1/witnesses/saddle_P_low_R02_M02.npz
4.170795181277868,0.5592802994363184,0.23230362608228636,0.3269766733540321,18.113888424821198,21.353734970910686,5.1198234491985355,P_low,False,True,18.244324901141226,667,,False,R02_M03,True,0.06170666793358467,0.00037114468678638634,0.5865674158994116,1.0118012989982699,True,T17,2818,M03,R02,default,True,True,saddle,25.45706869661808,results/global_layout_capacity_gate_v1/witnesses/saddle_P_low_R02_M03.npz
4.167963658544822,0.6037203408338694,0.3022882680441497,0.3014320727897196,19.524598671123385,21.622624533176868,5.1878150350106615,P_low,False,True,8.011150179430842,464,,False,R03_M00,True,0.06170694095916569,0.00017362011626981282,0.560689532901581,1.0274135626709437,True,T17,2868,M00,R03,default,True,True,saddle,15.130581069737673,results/global_layout_capacity_gate_v1/witnesses/saddle_P_low_R03_M00.npz
4.362391618523323,0.733074113613586,0.21730500224381052,0.5157691113697754,14.503481439314783,24.041227025600087,5.511019900991394,P_low,False,True,12.04459632281214,952,,False,R03_M01,True,0.10683931833967086,0.0006042381599561488,0.8167062731368975,1.2236523071566565,True,T17,2948,M01,R03,default,True,True,saddle,16.16395127866417,results/global_layout_capacity_gate_v1/witnesses/saddle_P_low_R03_M01.npz
4.472404291134223,0.5402671186100159,0.2836023792906182,0.25666473931939765,26.660801493562758,21.058081994722738,4.708447766331586,P_low,False,True,5.495487951673567,434,,False,R03_M02,True,2.868401926037948e-05,4.0520332039502635e-05,0.39310712961468564,1.294460873528024,True,T17,2596,M02,R03,default,True,True,saddle,9.694707473739982,results/global_layout_capacity_gate_v1/witnesses/saddle_P_low_R03_M02.npz
4.1779506978055,0.5661759113911873,0.23679703996225093,0.32937887142893635,18.113888424821198,21.240110386819612,5.083858552465959,P_low,False,True,11.104214001446962,648,,False,R03_M03,True,2.7464000293530194e-05,6.779745756251988e-06,0.8815777597735202,1.2203098351213097,True,T17,2799,M03,R03,default,True,True,saddle,19.298855307511985,results/global_layout_capacity_gate_v1/witnesses/saddle_P_low_R03_M03.npz
4.339525437886995,0.600239981156266,0.3010667183599701,0.2991732627962959,19.524598671123385,22.51461040278882,5.188265566142562,P_low,False,True,21.054470947012305,862,,False,R04_M00,True,0.06168765281477444,0.00016971639582397867,0.5781856760405115,1.2455069835965293,True,T17,2868,M00,R04,default,True,True,saddle,25.16186123713851,results/global_layout_capacity_gate_v1/witnesses/saddle_P_low_R04_M00.npz
4.235077100941053,0.6931300593724685,0.23265439896059456,0.460475660411874,14.503481439314783,22.45633652023158,5.302462265738133,P_low,False,True,15.84821617230773,648,,False,R04_M01,True,0.0617178065086342,0.0001636323896198604,0.5608381888565639,1.0222507620866388,True,T17,2864,M01,R04,default,True,True,saddle,19.580605059862137,results/global_layout_capacity_gate_v1/witnesses/saddle_P_low_R04_M01.npz
4.168638896012714,0.5445686895582387,0.28747957813871855,0.2570891114195201,26.660801493562758,19.413023134386826,4.656921268223856,P_low,False,True,8.80485537275672,434,,False,R04_M02,True,0.061706338336692,0.00022233244001050587,0.5885964590748094,1.0118012989982699,True,T17,2554,M02,R04,default,True,True,saddle,13.09228516370058,results/global_layout_capacity_gate_v1/witnesses/saddle_P_low_R04_M02.npz
4.147778542514389,0.5494973127630518,0.2436970499764488,0.30580026278660294,18.113888424821198,20.700344546100833,4.990706310359631,P_low,False,True,18.696313109248877,863,,False,R04_M03,True,2.746928328918867e-05,7.4807867360480655e-06,0.5885963400530676,1.2203098034499353,True,T17,2739,M03,R04,default,True,True,saddle,21.976368178613484,results/global_layout_capacity_gate_v1/witnesses/saddle_P_low_R04_M03.npz
4.117842814471097,0.5999315570172621,0.3010667183599701,0.29886483865729196,19.524598671123385,21.36822636039914,5.189179704797381,P_low,False,True,14.782767026685178,1076,,False,R05_M00,True,0.10689696769411981,0.0009831501527363471,0.8815777597735202,1.2150388223449635,True,T17,2869,M00,R05,default,True,True,saddle,19.96790866740048,results/global_layout_capacity_gate_v1/witnesses/saddle_P_low_R05_M00.npz
4.178035539465505,0.6320358963802525,0.2543812879019022,0.3776546084783503,14.503481439314783,21.033057916143655,5.034197942422101,P_low,False,True,9.20879138726741,674,,False,R05_M01,True,2.898256316012205e-05,3.339813278599311e-05,0.5885964590748092,1.2203098034499358,True,T17,2739,M01,R05,default,True,True,saddle,13.554013285785913,results/global_layout_capacity_gate_v1/witnesses/saddle_P_low_R05_M01.npz
4.16971196705111,0.5331612849055357,0.27894553652249104,0.25421574838304467,26.660801493562758,19.286567248399983,4.625395567080324,P_low,False,True,11.02655061520636,985,,False,R05_M02,True,2.898256316012205e-05,3.339813278599311e-05,0.5885964590748093,1.2203098034499356,True,T17,2537,M02,R05,default,True,True,saddle,14.29654326569289,results/global_layout_capacity_gate_v1/witnesses/saddle_P_low_R05_M02.npz
4.174148080383185,0.5469025893241437,0.24583897912413072,0.30106361020001293,18.113888424821198,20.94958470340815,5.018888716924721,P_low,False,True,7.821919208392501,862,,False,R05_M03,True,0.061706735305038486,0.00023250042833731626,0.5885963400530679,1.0118012989982699,True,T17,2764,M03,R05,default,True,True,saddle,12.357638370245695,results/global_layout_capacity_gate_v1/witnesses/saddle_P_low_R05_M03.npz
4.331976959584192,0.6039637911178647,0.30253171832814507,0.3014320727897196,19.524598671123385,22.477401407746942,5.18871674929325,P_low,False,True,9.261528270319104,778,,False,R06_M00,True,0.0019397087534328218,0.0009761686027030954,0.578185676040512,1.0709466292122451,True,T17,2868,M00,R06,default,True,True,saddle,13.126116439700127,results/global_layout_capacity_gate_v1/witnesses/saddle_P_low_R06_M00.npz
4.168754019936016,0.6813135694309056,0.23148405318309873,0.4498295162478068,14.503481439314783,22.107463555886376,5.30313456974506,P_low,False,True,10.634660828858614,648,,False,R06_M01,True,2.7499664032412314e-05,1.2368388690027261e-05,0.5885964590748096,0.0,True,T17,2887,M01,R06,default,True,True,saddle,15.618856529705226,results/global_layout_capacity_gate_v1/witnesses/saddle_P_low_R06_M01.npz
4.1627885591497344,0.559156630736297,0.27638231687765125,0.28277431385864576,26.660801493562758,19.653002629891883,4.721114788954375,P_low,False,True,13.49713575746864,785,,False,R06_M02,True,0.0004440101182786064,0.0006977907993050181,0.5885964590748095,1.2203098034499358,True,T17,2590,M02,R06,default,True,True,saddle,20.570800315588713,results/global_layout_capacity_gate_v1/witnesses/saddle_P_low_R06_M02.npz
4.312811026023398,0.5798486154041345,0.25931939252938885,0.32052922287474556,18.113888424821198,21.84820483516446,5.065885034918739,P_low,False,True,15.959458532743156,1076,,False,R06_M03,True,2.7463030084421453e-05,3.085000574384776e-05,0.5606895329015812,1.5631827802805927,True,T17,2802,M03,R06,default,True,True,saddle,19.190545396879315,results/global_layout_capacity_gate_v1/witnesses/saddle_P_low_R06_M03.npz
4.373998841011884,0.6033766539178425,0.3019445811281228,0.3014320727897196,19.524598671123385,22.695441047747675,5.188716749293261,P_low,False,True,6.341622661799192,474,,False,R07_M00,True,0.00021854099541829,0.0003897486259274132,0.8150391957222052,0.0,True,T17,2868,M00,R07,default,True,True,saddle,12.571402720175683,results/global_layout_capacity_gate_v1/witnesses/saddle_P_low_R07_M00.npz
4.461085721224563,0.6513789002289497,0.24484573973846216,0.4065331604904876,14.503481439314783,22.702143144444616,5.088927799892826,P_low,False,True,11.444005018100142,434,,False,R07_M01,True,2.9405972039735802e-05,4.052033203945366e-05,0.39310712961468797,1.2927167125488905,True,T17,2774,M01,R07,default,True,True,saddle,19.4282213896513,results/global_layout_capacity_gate_v1/witnesses/saddle_P_low_R07_M01.npz
4.081072424734907,0.5307445810269684,0.2892406191013884,0.24150396192558,26.660801493562758,18.768841602326884,4.598997432285473,P_low,False,True,11.554010218009353,434,,False,R07_M02,True,2.6815040146119488e-05,6.548599992355004e-06,0.8815784286244986,1.011801292275723,True,T17,2514,M02,R07,default,True,True,saddle,16.58288076519966,results/global_layout_capacity_gate_v1/witnesses/saddle_P_low_R07_M02.npz
4.167291175334368,0.5193036727850582,0.2634557873190057,0.2558478854660525,18.113888424821198,20.267909581250507,4.863569337610368,P_low,False,True,6.199790449813008,648,,False,R07_M03,True,2.760521654184764e-05,7.054414249495054e-05,0.8815777597735199,1.2203098351213104,True,T17,2673,M03,R07,default,True,True,saddle,9.87113228533417,results/global_layout_capacity_gate_v1/witnesses/saddle_P_low_R07_M03.npz
4.104130352503752,0.6040177400102164,0.30258566722049673,0.3014320727897196,32.678976997733116,21.294713942656355,5.1886056517833,P_mid,True,True,15.820932183414698,829,,False,R00_M00,True,0.06170578966206982,0.00015445660678532226,0.9257915644982024,0.5484573720163244,True,T21,2869,M00,R00,default,True,True,saddle,22.838305364362895,results/global_layout_capacity_gate_v1/witnesses/saddle_P_mid_R00_M00.npz
,0.6127441173582112,0.23940679345981508,0.37333732389839613,32.39869630150497,,5.034935513525552,P_mid,False,False,1.4375540623441339,57,continuous_lift_not_found_under_budget,False,R00_M01,False,,,,,False,T21,0,M01,R00,default,False,False,saddle,1.4765610778704286,
4.172582013256799,0.5321987402674632,0.2777311558595062,0.25446758440795697,25.774165674112737,19.333933277418943,4.633565791155859,P_mid,False,True,12.053255431354046,633,,False,R00_M02,True,0.10687787129957126,0.0008969553926225456,0.9023482881015523,1.299510919798238,True,T21,2538,M02,R00,default,True,True,saddle,15.75922391191125,results/global_layout_capacity_gate_v1/witnesses/saddle_P_mid_R00_M02.npz
4.133179266790221,0.5693641482462517,0.27434392960486953,0.2950202186413822,24.12684057187289,20.501781156381078,4.960293235067571,P_mid,False,True,8.902577482163906,434,,False,R00_M03,True,0.06168413186505007,0.00035972091427578844,0.925791564498202,1.1468248611096303,True,T21,2731,M03,R00,default,True,True,saddle,14.804249128326774,results/global_layout_capacity_gate_v1/witnesses/saddle_P_mid_R00_M03.npz
4.261919386047689,0.6031027189248956,0.301670646135176,0.3014320727897196,32.678976997733116,22.113419013891836,5.188605651783297,P_mid,False,True,7.005608323961496,462,,False,R01_M00,True,0.0003017791490812619,5.0611457648796626e-05,0.6370986503039285,1.2293899242445419,True,T21,2868,M00,R01,default,True,True,saddle,12.235172748565674,results/global_layout_capacity_gate_v1/witnesses/saddle_P_mid_R01_M00.npz
3.8544620924349444,0.6250951303475902,0.232980823945163,0.39211430640242717,32.39869630150497,19.83141150723955,5.145052936481633,P_mid,False,True,9.34358085040003,648,,False,R01_M01,True,0.06174492985076043,0.00023808255678577311,0.3442932447784124,0.07890607355012857,True,T21,2804,M01,R01,default,True,True,saddle,15.741942780092359,results/global_layout_capacity_gate_v1/witnesses/saddle_P_mid_R01_M01.npz
3.961145701578506,0.5250255384647137,0.2869635045832077,0.23806203388150596,25.774165674112737,18.122485107093325,4.57506147776174,P_mid,False,True,7.63785274233669,464,,False,R01_M02,True,0.10687904087115538,0.0006591063436523032,0.3442932447784159,1.6323496719648887,True,T21,2512,M02,R01,default,True,True,saddle,10.792923939414322,results/global_layout_capacity_gate_v1/witnesses/saddle_P_mid_R01_M02.npz
3.6120316688608898,0.47354586420713785,0.2460332045492026,0.2275126596579352,24.12684057187289,17.238570243103062,4.772541279666995,P_mid,False,True,13.807331555522978,647,,True,R01_M03,True,3.172480315368935e-05,2.000708517000464e-05,0.9129025668652955,0.01750187726590635,True,T21,2619,M03,R01,default,True,True,saddle,18.902663162909448,results/global_layout_capacity_gate_v1/witnesses/saddle_P_mid_R01_M03.npz
3.539005961197508,0.6031118483474075,0.3016797755576879,0.3014320727897196,32.678976997733116,18.3597083344928,5.187815035010664,P_mid,False,True,23.39600794017315,862,,False,R02_M00,True,1.7906992688347597e-05,1.305264216128881e-05,0.9078908860847261,0.9482428950849258,True,T21,2868,M00,R02,default,True,True,saddle,30.363884483464062,results/global_layout_capacity_gate_v1/witnesses/saddle_P_mid_R02_M00.npz
3.837736047125208,0.6132468534873877,0.23903392345092733,0.3742129300364604,32.39869630150497,19.61688205395393,5.111576672566798,P_mid,False,True,15.354817383922637,711,,False,R02_M01,True,0.061449588130771234,0.0002379749227981785,0.44263368676991044,1.3564190622931749,True,T21,2763,M01,R02,default,True,True,saddle,21.221109798178077,results/global_layout_capacity_gate_v1/witnesses/saddle_P_mid_R02_M01.npz
4.1950312275428745,0.5220785157439566,0.28855290467364314,0.23352561107031342,25.774165674112737,19.384406700957324,4.620801526741247,P_mid,False,True,8.239750501699746,650,,False,R02_M02,True,0.06161583217387874,0.0001815090885713891,0.9250679973249448,1.1468248611096303,True,T21,2551,M02,R02,default,True,True,saddle,12.692431272007525,results/global_layout_capacity_gate_v1/witnesses/saddle_P_mid_R02_M02.npz
4.506224423415432,0.5592802994363184,0.23230362608228636,0.3269766733540321,24.12684057187289,23.07107347035348,5.1198234491985355,P_mid,False,True,10.360090074129403,435,,False,R02_M03,True,0.0018774023177253036,0.00043437969871896017,0.6255080356380146,1.3060713439035037,True,T21,2787,M03,R02,default,True,True,saddle,17.344319586642087,results/global_layout_capacity_gate_v1/witnesses/saddle_P_mid_R02_M03.npz
3.546391406737684,0.6037203408338694,0.3022882680441497,0.3014320727897196,32.678976997733116,18.398022659906367,5.1878150350106615,P_mid,False,True,18.906737143173814,862,,False,R03_M00,True,0.06213212141694184,0.0005285970021647579,0.9078908860847262,0.01750187726590635,True,T21,2869,M00,R03,default,True,True,saddle,22.18621321208775,results/global_layout_capacity_gate_v1/witnesses/saddle_P_mid_R03_M00.npz
4.619095297251076,0.733074113613586,0.21730500224381052,0.5157691113697754,32.39869630150497,25.455926107726437,5.511019900991394,P_mid,False,True,5.6662255469709635,312,,False,R03_M01,True,0.002920138143891967,0.00037379624050429104,0.626034425368527,0.0,True,T21,3024,M01,R03,default,True,True,saddle,11.060099266469479,results/global_layout_capacity_gate_v1/witnesses/saddle_P_mid_R03_M01.npz
3.60521032139546,0.5402671186100159,0.2836023792906182,0.25666473931939765,25.774165674112737,16.974944484930035,4.708447766331586,P_mid,False,True,20.104579281061888,1147,,False,R03_M02,True,0.061717977132103606,0.00030035696091483966,0.9129025668652948,1.2293899073512908,True,T21,2588,M02,R03,default,True,True,saddle,23.252889005467296,results/global_layout_capacity_gate_v1/witnesses/saddle_P_mid_R03_M02.npz
4.491903541722001,0.5661759113911873,0.23679703996225093,0.32937887142893635,24.12684057187289,22.83620223743553,5.083858552465959,P_mid,False,True,6.876802518963814,354,,False,R03_M03,True,0.06097639830484792,0.00046448121524143816,0.6254204076540254,1.3060713439035034,True,T21,2776,M03,R03,default,True,True,saddle,16.410681801848114,results/global_layout_capacity_gate_v1/witnesses/saddle_P_mid_R03_M03.npz
4.109991751984172,0.600239981156266,0.3010667183599701,0.2991732627962959,32.678976997733116,21.32372868394942,5.188265566142562,P_mid,False,True,5.694147522561252,314,,False,R04_M00,True,0.10964233346997436,0.0005565797029710506,0.9250679973249448,1.1372049302307143,True,T21,2868,M00,R04,default,True,True,saddle,9.014324000105262,results/global_layout_capacity_gate_v1/witnesses/saddle_P_mid_R04_M00.npz
4.280610123554628,0.6931300593724685,0.23265439896059456,0.460475660411874,32.39869630150497,22.69777365448506,5.302462265738133,P_mid,False,True,9.665870695374906,648,,False,R04_M01,True,0.06170451834183736,0.0001221558472674451,0.9250703173996699,1.1468248611096303,True,T21,2935,M01,R04,default,True,True,saddle,20.153073789551854,results/global_layout_capacity_gate_v1/witnesses/saddle_P_mid_R04_M01.npz
4.2538399444348425,0.5445686895582387,0.28747957813871855,0.2570891114195201,25.774165674112737,19.809797708858806,4.656921268223856,P_mid,False,True,4.624165369197726,394,,False,R04_M02,True,0.003886172640875948,0.0006245581164197056,0.6370983496106393,1.229389924244542,True,T21,2556,M02,R04,default,True,True,saddle,7.649546700529754,results/global_layout_capacity_gate_v1/witnesses/saddle_P_mid_R04_M02.npz
4.157853765801666,0.5494973127630518,0.2436970499764488,0.30580026278660294,24.12684057187289,20.75062702653893,4.990706310359631,P_mid,False,True,9.547666802071035,497,,False,R04_M03,True,0.10669497877409345,0.0005219657052827084,0.9250679973249445,0.0,True,T21,2742,M03,R04,default,True,True,saddle,17.795275473035872,results/global_layout_capacity_gate_v1/witnesses/saddle_P_mid_R04_M03.npz
4.25613990966193,0.5999315570172621,0.3010667183599701,0.29886483865729196,32.678976997733116,22.085874839995846,5.189179704797381,P_mid,False,True,5.419476403854787,490,,False,R05_M00,True,0.00012801639885695807,4.1930795623416745e-05,0.637098650303928,0.9530003978020583,True,T21,2868,M00,R05,default,True,True,saddle,9.140986559912562,results/global_layout_capacity_gate_v1/witnesses/saddle_P_mid_R05_M00.npz
3.9178786462199575,0.6320358963802525,0.2543812879019022,0.3776546084783503,32.39869630150497,19.723376619459998,5.034197942422101,P_mid,False,True,7.223939832299948,458,,False,R05_M01,True,2.1151252209257772e-05,7.734514335474558e-05,0.3442932447784142,0.9464034273939568,True,T21,2760,M01,R05,default,True,True,saddle,11.789116048254073,results/global_layout_capacity_gate_v1/witnesses/saddle_P_mid_R05_M01.npz
4.1604412991003,0.5331612849055357,0.27894553652249104,0.25421574838304467,25.774165674112737,19.24368674195643,4.625395567080324,P_mid,False,True,16.18054256401956,869,,False,R05_M02,True,0.0001028176818652543,0.00046031172469517727,0.9250679973249444,1.1468248611096303,True,T21,2533,M02,R05,default,True,True,saddle,20.517392620444298,results/global_layout_capacity_gate_v1/witnesses/saddle_P_mid_R05_M02.npz
4.196983667179466,0.5469025893241437,0.24583897912413072,0.30106361020001293,24.12684057187289,21.06419397232436,5.018888716924721,P_mid,False,True,5.686134641058743,235,,False,R05_M03,True,0.0008424783309432252,0.0003972919521832117,0.6370986503039289,1.2293899242445416,True,T21,2738,M03,R05,default,True,True,saddle,11.275421792641282,results/global_layout_capacity_gate_v1/witnesses/saddle_P_mid_R05_M03.npz
4.287631060057865,0.6039637911178647,0.30253171832814507,0.3014320727897196,32.678976997733116,22.247303096112216,5.18871674929325,P_mid,False,True,8.858730806037784,482,,False,R06_M00,True,0.06170926780859812,0.00017335285382101174,0.33796531642706934,0.5930935814031582,True,T21,2868,M00,R06,default,True,True,saddle,12.89272955711931,results/global_layout_capacity_gate_v1/witnesses/saddle_P_mid_R06_M00.npz
3.6281467287108526,0.6813135694309056,0.23148405318309873,0.4498295162478068,32.39869630150497,19.240550341133975,5.30313456974506,P_mid,False,True,18.798226502723992,862,,False,R06_M01,True,0.061700999960089875,0.00025734371581706214,0.9129051201218794,0.01580343093676273,True,T21,2894,M01,R06,default,True,True,saddle,24.19707085005939,results/global_layout_capacity_gate_v1/witnesses/saddle_P_mid_R06_M01.npz
4.178236017873892,0.559156630736297,0.27638231687765125,0.28277431385864576,25.774165674112737,19.725931855726266,4.721114788954375,P_mid,False,True,9.555409802123904,429,,False,R06_M02,True,0.00018664516562615476,4.8922423168661384e-05,0.9250679973249445,0.0,True,T21,2595,M02,R06,default,True,True,saddle,15.860003626905382,results/global_layout_capacity_gate_v1/witnesses/saddle_P_mid_R06_M02.npz
4.401626429722708,0.5798486154041345,0.25931939252938885,0.32052922287474556,24.12684057187289,22.298133459635068,5.065885034918739,P_mid,False,True,13.029171355068684,434,,False,R06_M03,True,0.1067370932640522,0.0007815532454743557,0.33796531642706945,0.0,True,T21,2784,M03,R06,default,True,True,saddle,20.8861138606444,results/global_layout_capacity_gate_v1/witnesses/saddle_P_mid_R06_M03.npz
3.801452254218971,0.6033766539178425,0.3019445811281228,0.3014320727897196,32.678976997733116,19.724658983104597,5.188716749293261,P_mid,False,True,12.023264826275408,1058,,False,R07_M00,True,0.061690710765239215,0.0005780319081833825,0.33996859517590433,1.3876907071444293,True,T21,2868,M00,R07,default,True,True,saddle,17.577584142796695,results/global_layout_capacity_gate_v1/witnesses/saddle_P_mid_R07_M00.npz
4.006378984709496,0.6513789002289497,0.24484573973846216,0.4065331604904876,32.39869630150497,20.38817339219455,5.088927799892826,P_mid,False,True,12.350192363373935,666,,False,R07_M01,True,6.09967198247664e-05,0.00020932451865745996,0.3442932447784132,1.3709967506375023,True,T21,2824,M01,R07,default,True,True,saddle,19.39634892065078,results/global_layout_capacity_gate_v1/witnesses/saddle_P_mid_R07_M01.npz
4.133939405267237,0.5307445810269684,0.2892406191013884,0.24150396192558,25.774165674112737,19.01197671004776,4.598997432285473,P_mid,False,True,25.058884164318442,1283,,False,R07_M02,True,0.0002336235189079472,0.0007933230930566984,0.9250679973249449,0.8180984090651702,True,T21,2501,M02,R07,default,True,True,saddle,34.7560194786638,results/global_layout_capacity_gate_v1/witnesses/saddle_P_mid_R07_M02.npz
3.9709492764960967,0.5193036727850582,0.2634557873190057,0.2558478854660525,24.12684057187289,19.312987142372492,4.863569337610368,P_mid,False,True,14.956408436410129,1067,,False,R07_M03,True,0.1068938363405331,0.0005846657785833287,0.33996859517590716,0.07890328018325476,True,T21,2661,M03,R07,default,True,True,saddle,18.62137354258448,results/global_layout_capacity_gate_v1/witnesses/saddle_P_mid_R07_M03.npz
