E_NUC,E_miss,E_rep,L_S,NUC_generation_time,canonical_layout,evaluation_surface_hash,expansion_policy,geometry_baseline,layout_id,local_refinement_time,mapped_face,mapped_position,mapping_distance_m,max_visit_count,overlap_area_fraction,physical_root_position,remesh_id,root_id,single_coverage_fraction,skeleton_fingerprint,surface_id
0.5837753363973166,0.3344242454590675,0.24935109093824914,9.294206834155696,0.0024393564090132713,True,154491f5827fe6549d4e31bec082ee3919f2cc4ac74430ed24cd224685ceb23f,upstream_first,False,R00_M00,0.03971854876726866,0,"[0.026994261849565743, 0.007276797788043908, 0.13541570904824463]",0.0013699996825468543,3,0.23559470244260783,"[0.027208388989726925, 0.007334172982327683, 0.13676765460377036]",M00,R00,0.4299810520983248,fdf67d04b0068338df074097dbe7d641256b921f4760ae960a926baa4aa93a4f,hemisphere
0.5842299956148419,0.3358376155571858,0.24839238005765615,9.2855576205698,0.002336987294256687,False,154491f5827fe6549d4e31bec082ee3919f2cc4ac74430ed24cd224685ceb23f,upstream_first,False,R01_M00,0.04258028790354729,100,"[-0.04844856237914347, -0.1269788386632558, 0.00024881341073092027]",0.00295334653710149,4,0.23610548920086757,"[-0.049204153467517525, -0.12979874299481403, 0.0006954423800535112]",M00,R01,0.4280568952419467,08deffdce7ebf286e2f80bb34456b15c872799bb4ed921b634f5b65f85f36fed,hemisphere
0.5830214313154422,0.3358376155571858,0.24718381575825638,9.278800546539559,0.0024464959278702736,False,154491f5827fe6549d4e31bec082ee3919f2cc4ac74430ed24cd224685ceb23f,upstream_first,False,R02_M00,0.043842253275215626,92,"[-0.11133659423556919, 0.07981755748495305, 0.0004132278569402917]",0.0018661514183021723,4,0.23540703099365773,"[-0.1126409860630074, 0.08112194931239125, 0.0006954423800535112]",M00,R02,0.4287553534491565,7501d33a5c4f0c025e2addf8bef2ddae3a3fe79cc63c345411ccc00a18b03297,hemisphere
0.5830214313154422,0.3358376155571858,0.24718381575825638,9.278800546539557,0.002575816586613655,False,154491f5827fe6549d4e31bec082ee3919f2cc4ac74430ed24cd224685ceb23f,upstream_first,False,R03_M00,0.043057527393102646,106,"[0.12697883866325577, -0.04844856237914355, 0.00024881341073092027]",0.0029533465371014904,4,0.23534327106995895,"[0.129798742994814, -0.04920415346751761, 0.0006954423800535112]",M00,R03,0.4288191133728553,4116c7093fd4ee8f4b6f5254ce46ca4b2ce3426c6db5c282c94d0335236fa536,hemisphere
0.582347320756425,0.33501550384684353,0.24733181690958153,9.28407672856603,0.0024629617109894753,False,154491f5827fe6549d4e31bec082ee3919f2cc4ac74430ed24cd224685ceb23f,upstream_first,False,R04_M00,0.04032191168516874,87,"[0.07227173252721866, 0.11845225699119719, 0.0024014319178465443]",0.0006494619335545323,4,0.234987061222292,"[0.07272568970885589, 0.1189062141728344, 0.002499648808534354]",M00,R04,0.42999743493086445,1fdd89182769df019b2c7f524c9180ff53b99193469bf9d7eb88d63e0179e65c,hemisphere
0.5844919030010716,0.33479006090036745,0.24970184210070412,9.291494659419751,0.0024688411504030228,False,154491f5827fe6549d4e31bec082ee3919f2cc4ac74430ed24cd224685ceb23f,upstream_first,False,R05_M00,0.04039798490703106,73,"[-0.11315909428408487, -0.00755946564754657, 0.078517272367662]",0.001215898194660812,4,0.23543240677835092,"[-0.11421285213830229, -0.007841819213602073, 0.0790541888119904]",M00,R05,0.4297775323212817,282efc27a5f0ca5b97fa9682c532ff7fccb75751f90897becdc29bbf91226d09,hemisphere
0.5825834967742214,0.33479006090036745,0.2477934358738539,9.281359048374393,0.0023741843178868294,False,154491f5827fe6549d4e31bec082ee3919f2cc4ac74430ed24cd224685ceb23f,upstream_first,False,R06_M00,0.04002147447317839,79,"[0.028487970729751518, -0.10991510627000727, 0.07387807716389876]",0.004068729534047186,4,0.23422546652258475,"[0.02943280336318928, -0.11344126966264609, 0.07567474715152385]",M00,R06,0.43098447257704786,6e3df3861d2f5b22746b329d853df60342473f9e0ff5a8160fad0db709268a51,hemisphere
0.580829183831358,0.33460950877135776,0.24621967506000014,9.282893584672435,0.0024612899869680405,False,154491f5827fe6549d4e31bec082ee3919f2cc4ac74430ed24cd224685ceb23f,upstream_first,False,R07_M00,0.04148651845753193,66,"[-0.0023284340041108383, 0.11518508122881455, 0.07729194350350241]",0.0007137447527651307,4,0.2343213189464001,"[-0.0024941784530141966, 0.11580364793319438, 0.07760711898159382]",M00,R07,0.4310691722822423,d2927523804ca183c6dbae973ca17c403b3a53050e849465e9e8cf18516fbc73,hemisphere
0.5829480013250676,0.33442424545906746,0.24852375586600017,9.290828297140584,0.0024317316710948944,False,154491f5827fe6549d4e31bec082ee3919f2cc4ac74430ed24cd224685ceb23f,upstream_first,False,R00_M01,0.039533729664981365,0,"[0.027035619043237754, 0.007244172289511037, 0.135566925249901]",0.001216429430900487,4,0.23502246047035266,"[0.027208388989726925, 0.007334172982327683, 0.13676765460377036]",M01,R00,0.43055329407057985,fdf67d04b0068338df074097dbe7d641256b921f4760ae960a926baa4aa93a4f,hemisphere
0.5834663670610934,0.33583761555718583,0.2476287515039076,9.282179083554677,0.0024734968319535255,False,154491f5827fe6549d4e31bec082ee3919f2cc4ac74430ed24cd224685ceb23f,upstream_first,False,R01_M01,0.04184912424534559,98,"[-0.04828180916101168, -0.128201195793874, 0.0004132278569402917]",0.0018661514183021335,4,0.2356606602656133,"[-0.049204153467517525, -0.12979874299481403, 0.0006954423800535112]",M01,R01,0.428501724177201,ef759fc72a970133410be751c7b06a6fe3d535918802175791fbb9dc5bea0119,hemisphere
0.5828939381706438,0.33583761555718583,0.247056322613458,9.27880054653956,0.0024335170164704323,False,154491f5827fe6549d4e31bec082ee3919f2cc4ac74430ed24cd224685ceb23f,upstream_first,False,R02_M01,0.040239487774670124,92,"[-0.11011272900547182, 0.0796622594196425, 0.00024881341073091506]",0.002953346537101511,4,0.23534332447515735,"[-0.1126409860630074, 0.08112194931239125, 0.0006954423800535112]",M01,R02,0.42881905996765685,7501d33a5c4f0c025e2addf8bef2ddae3a3fe79cc63c345411ccc00a18b03297,hemisphere
0.5828939381706437,0.3358376155571858,0.24705632261345797,9.27880054653956,0.0024717431515455246,False,154491f5827fe6549d4e31bec082ee3919f2cc4ac74430ed24cd224685ceb23f,upstream_first,False,R03_M01,0.04249176848679781,104,"[0.12820119579387398, -0.04828180916101175, 0.0004132278569402917]",0.0018661514183021402,4,0.23527959125405776,"[0.129798742994814, -0.04920415346751761, 0.0006954423800535112]",M01,R03,0.42888279318875644,d13ea293cf23197da3297547df1d56fd95f000a96de0ac35749c0b580fb93f72,hemisphere
0.5834663403584941,0.3358376155571858,0.24762872480130835,9.282179083554682,0.0022883564233779907,False,154491f5827fe6549d4e31bec082ee3919f2cc4ac74430ed24cd224685ceb23f,upstream_first,False,R04_M01,0.03412867058068514,86,"[0.07053132593826861, 0.11510546463188881, 0.0018282278210733395]",0.004439790037047611,4,0.23559690034191444,"[0.07272568970885589, 0.1189062141728344, 0.002499648808534354]",M01,R04,0.4285654841008998,19cd9bd75b0c5e804fa87c122da2461a96b1c78702b35b769e9dfd542863f4c3,hemisphere
0.5836645412262234,0.3347900609003674,0.248874480325856,9.288116122404631,0.0023028934374451637,False,154491f5827fe6549d4e31bec082ee3919f2cc4ac74430ed24cd224685ceb23f,upstream_first,False,R05_M01,0.03746813163161278,71,"[-0.1116229210615345, -0.007841819213602073, 0.07777951851529047]",0.00288661174176519,4,0.23486011140089733,"[-0.11421285213830229, -0.007841819213602073, 0.0790541888119904]",M01,R05,0.4303498276987352,9815c58fd9dfff9fe677d8bb613c1fb59bdcee5a2522ca41e5b3630e2ce186e4,hemisphere
0.5825197368505225,0.3347900609003674,0.24772967595015508,9.281359048374393,0.0023208260536193848,False,154491f5827fe6549d4e31bec082ee3919f2cc4ac74430ed24cd224685ceb23f,upstream_first,False,R06_M01,0.03598272241652012,77,"[0.02943280336318928, -0.11281138681225075, 0.0753647416201019]",0.0007020369183556935,4,0.234225493225184,"[0.02943280336318928, -0.11344126966264609, 0.07567474715152385]",M01,R06,0.4309844458744486,83feca0d628f0a59b6ea3d175bbb9a451b2269f2a2bdb51e1951b56f303766d8,hemisphere
0.5825197368505226,0.33479006090036745,0.2477296759501551,9.281359048374394,0.00246330164372921,False,154491f5827fe6549d4e31bec082ee3919f2cc4ac74430ed24cd224685ceb23f,upstream_first,False,R07_M01,0.04226865526288748,65,"[-0.0024941784530141987, 0.11250643735210439, 0.07598435132287865]",0.0036749112220873757,4,0.234225493225184,"[-0.0024941784530141966, 0.11580364793319438, 0.07760711898159382]",M01,R07,0.4309844458744486,5f7ec07ebd0962958c871534161400537feede8c943047eb9a5278a3a17a6282,hemisphere
0.6744920680496813,0.30780856350865604,0.36668350454102533,9.750073901666413,0.002344041131436825,False,154491f5827fe6549d4e31bec082ee3919f2cc4ac74430ed24cd224685ceb23f,upstream_first,False,R00_M02,0.03605960123240948,0,"[0.026994261849565743, 0.007276797788043908, 0.13541570904824463]",0.0013699996825468543,6,0.27545297244753103,"[0.027208388989726925, 0.007334172982327683, 0.13676765460377036]",M02,R00,0.416738464043813,91db6044423aa6425aac6d8f53fb3be82c4f6cd536b0fece6c1fd4800492c572,hemisphere
0.6770378928900416,0.29955125869368987,0.37748663419635176,9.762824823033048,0.002289337106049061,False,154491f5827fe6549d4e31bec082ee3919f2cc4ac74430ed24cd224685ceb23f,upstream_first,False,R01_M02,0.033479707315564156,101,"[-0.04844856237914346, -0.12697883866325577, 0.00024881341073092027]",0.002953346537101518,6,0.2806540539124572,"[-0.049204153467517525, -0.12979874299481403, 0.0006954423800535112]",M02,R01,0.419794687393853,db71780a6bb07cc960534c668c660a5c27d821403ff4a1ae1c0af23f828bc78d,hemisphere
0.6826753948266528,0.2990211971881125,0.3836541976385403,9.766203360048168,0.0023291902616620064,False,154491f5827fe6549d4e31bec082ee3919f2cc4ac74430ed24cd224685ceb23f,upstream_first,False,R02_M02,0.037166597321629524,93,"[-0.1113365942355692, 0.07981755748495306, 0.00041322785694028474]",0.001866151418302154,6,0.2815185527479456,"[-0.1126409860630074, 0.08112194931239125, 0.0006954423800535112]",M02,R02,0.41946025006394194,e06bd633ed023613fd21c9facf835327268d6bcc7e7b7fd9c1ba7c863f073d10,hemisphere
0.6739377793048016,0.29955125869368987,0.37438652061111166,9.75944628601793,0.0023053716868162155,False,154491f5827fe6549d4e31bec082ee3919f2cc4ac74430ed24cd224685ceb23f,upstream_first,False,R03_M02,0.03934474941343069,107,"[0.12697883866325577, -0.04844856237914356, 0.00024881341073091506]",0.002953346537101489,6,0.27900800619254285,"[0.129798742994814, -0.04920415346751761, 0.0006954423800535112]",M02,R03,0.4214407351137674,6770f2be80928b22124e840423c14f05c56aabf789fe8d6da9d203bbb46daf69,hemisphere
0.680111539500136,0.2992616293412095,0.38084991015892655,9.762824823033048,0.00232602097094059,False,154491f5827fe6549d4e31bec082ee3919f2cc4ac74430ed24cd224685ceb23f,upstream_first,False,R04_M02,0.03689510840922594,87,"[0.07227173252721868, 0.11845225699119719, 0.0024014319178465443]",0.0006494619335545226,7,0.27949075730746564,"[0.07272568970885589, 0.1189062141728344, 0.002499648808534354]",M02,R04,0.4212476133513249,c9af3ad9f9b2e7f541fe7a93ab42ae85e05625d02370b0f0730db3dfa52a078e,hemisphere
0.6523353225160973,0.309761292268437,0.3425740302476602,9.542344294868428,0.0023521995171904564,False,154491f5827fe6549d4e31bec082ee3919f2cc4ac74430ed24cd224685ceb23f,upstream_first,False,R05_M02,0.03733134549111128,72,"[-0.11315909428408488, -0.0075594656475465654, 0.078517272367662]",0.0012158981946608011,7,0.2567995945848142,"[-0.11421285213830229, -0.007841819213602073, 0.0790541888119904]",M02,R05,0.4334391131467489,826584bba5f102e3a3e3b5acab37717db7c6310593cada039fb5110425a31e99,hemisphere
0.651110419396066,0.309761292268437,0.341349127127629,9.545722831883548,0.00238054059445858,False,154491f5827fe6549d4e31bec082ee3919f2cc4ac74430ed24cd224685ceb23f,upstream_first,False,R06_M02,0.04160379059612751,78,"[0.028487970729751524, -0.10991510627000728, 0.07387807716389876]",0.004068729534047172,7,0.2572218074756352,"[0.02943280336318928, -0.11344126966264609, 0.07567474715152385]",M02,R06,0.4330169002559278,3681a5faebe6fcf9ff80bc88d22beb672917dc75eb1c8cf7f5fc20d7a7cd6f9c,hemisphere
0.6538439997852347,0.3094716629159567,0.344372336869278,9.545722831883548,0.0024316580966115,False,154491f5827fe6549d4e31bec082ee3919f2cc4ac74430ed24cd224685ceb23f,upstream_first,False,R07_M02,0.04198261629790068,66,"[-0.002328434004110839, 0.11518508122881455, 0.0772919435035024]",0.0007137447527651367,6,0.25615091045353666,"[-0.0024941784530141966, 0.11580364793319438, 0.07760711898159382]",M02,R07,0.4343774266305067,e170c482b0cd1a1d167b5375838373c63e0857b1d9f881bb0b42a049c9cc65a0,hemisphere
0.5513468848805243,0.3688076303570618,0.1825392545234625,8.389963098013762,0.0023156115785241127,False,154491f5827fe6549d4e31bec082ee3919f2cc4ac74430ed24cd224685ceb23f,upstream_first,True,R00_M03,0.03667780011892319,0,"[0.027035619043237754, 0.007244172289511037, 0.135566925249901]",0.001216429430900487,5,0.1507562893298972,"[0.027208388989726925, 0.007334172982327683, 0.13676765460377036]",M03,R00,0.4804360803130411,d9558056b4070aebb144cfac1d21beb69f27625e372a6c4ef2ad51cc8c6c3deb,hemisphere
0.568390892457216,0.38305011400162386,0.1853407784555921,8.284399241125346,0.002268237993121147,False,154491f5827fe6549d4e31bec082ee3919f2cc4ac74430ed24cd224685ceb23f,upstream_first,False,R01_M03,0.037323606200516224,98,"[-0.04828180916101168, -0.128201195793874, 0.0004132278569402917]",0.0018661514183021335,4,0.1494705730155911,"[-0.049204153467517525, -0.12979874299481403, 0.0006954423800535112]",M03,R01,0.46747931298278506,5b4fc3668502a4fbf0fd4c00a60877222d4b2dc9c3349c6f854a2ee1876e9d5d,hemisphere
0.5808933001944347,0.38492853281446493,0.1959647673799698,8.354541118580903,0.0022717490792274475,False,154491f5827fe6549d4e31bec082ee3919f2cc4ac74430ed24cd224685ceb23f,upstream_first,False,R02_M03,0.03993862774223089,93,"[-0.11011272900547181, 0.07966225941964251, 0.000248813410730922]",0.002953346537101515,5,0.1485903576733644,"[-0.1126409860630074, 0.08112194931239125, 0.0006954423800535112]",M03,R02,0.4664811095121707,4152abce30347f1c5b645282f00891f80ce5049f4c8eb67745fd0b929b77402b,hemisphere
0.581465675679686,0.38492853281446493,0.19653714286522106,8.357919655596028,0.0023324303328990936,False,154491f5827fe6549d4e31bec082ee3919f2cc4ac74430ed24cd224685ceb23f,upstream_first,False,R03_M03,0.04247196111828089,105,"[0.12820119579387398, -0.04828180916101175, 0.00041322785694028474]",0.0018661514183021413,5,0.1489076934638203,"[0.129798742994814, -0.04920415346751761, 0.0006954423800535112]",M03,R03,0.46616377372171475,24ac41430d9ba24044c2ee7b2745aae3b768351565584d5ec921b39302caa1c1,hemisphere
0.5689632679424672,0.38305011400162386,0.18591315394084335,8.287777778140464,0.0023055821657180786,False,154491f5827fe6549d4e31bec082ee3919f2cc4ac74430ed24cd224685ceb23f,upstream_first,False,R04_M03,0.03728547878563404,86,"[0.07053132593826861, 0.11510546463188881, 0.0018282278210733395]",0.004439790037047611,4,0.1497878821034478,"[0.07272568970885589, 0.1189062141728344, 0.002499648808534354]",M03,R04,0.4671620038949284,9cb54c8ed73df3a878bc7c86d56de734cff051daf3070f09521e0e7004014105,hemisphere
0.5718226341123189,0.3764427786326613,0.1953798554796577,8.4270524939301,0.0023545362055301666,False,154491f5827fe6549d4e31bec082ee3919f2cc4ac74430ed24cd224685ceb23f,upstream_first,False,R05_M03,0.03915495611727238,70,"[-0.1116229210615345, -0.007841819213602073, 0.07777951851529047]",0.00288661174176519,5,0.14349208358562573,"[-0.11421285213830229, -0.007841819213602073, 0.0790541888119904]",M03,R05,0.4800651377817131,5639c9aa7f75d4db6369d286f97aeea4969e45c496b071ff6c01df63d0593a4e,hemisphere
0.5692683071081653,0.3748475387969086,0.19442076831125674,8.435997044177348,0.0023373495787382126,False,154491f5827fe6549d4e31bec082ee3919f2cc4ac74430ed24cd224685ceb23f,upstream_first,False,R06_M03,0.03739138878881931,77,"[0.02943280336318928, -0.11281138681225075, 0.0753647416201019]",0.0007020369183556935,5,0.1398562460912677,"[0.02943280336318928, -0.11344126966264609, 0.07567474715152385]",M03,R06,0.4852962151118237,e7d9dd3c9ff2cac1b73a6fe57e3556218de5819dabcc1e3d177d5874a54f4d68,hemisphere
0.5704131114838662,0.3748475387969086,0.1955655726869576,8.442754118207583,0.002339146099984646,False,154491f5827fe6549d4e31bec082ee3919f2cc4ac74430ed24cd224685ceb23f,upstream_first,False,R07_M03,0.034183675423264503,65,"[-0.0024941784530141987, 0.11250643735210439, 0.07598435132287865]",0.0036749112220873757,5,0.140490864266981,"[-0.0024941784530141966, 0.11580364793319438, 0.07760711898159382]",M03,R07,0.48466159693611033,a8af347a1119d70c0eb08db1e6015a563d4b781d8e2857f860191b2ad9573480,hemisphere
0.6040177400102164,0.30258566722049673,0.3014320727897196,5.1886056517833,0.002816871739923954,True,57475ad9c3ddb03cf9ac834a3566f3114373fb9f11e1159a378891ea7f9db1b4,upstream_first,False,R00_M00,0.023259366862475872,0,"[-0.09333333333333332, -0.10666666666666665, -0.003999999999999997]",8.673617379884035e-19,2,0.3014320727897196,"[-0.09333333333333332, -0.10666666666666665, -0.0039999999999999975]",M00,R00,0.39598225998978365,14f5b1111285e66fefa145c05ba2c32ab6fdd18002e230c406c8b1abe8a1f094,saddle
0.6031027189248956,0.301670646135176,0.3014320727897196,5.188605651783297,0.0028131380677223206,False,57475ad9c3ddb03cf9ac834a3566f3114373fb9f11e1159a378891ea7f9db1b4,upstream_first,False,R01_M00,0.0233510360121727,71,"[0.11746026832573009, 0.11959493695003784, -0.0006404005872923243]",5.8067871504111456e-05,2,0.3014320727897196,"[0.1174763050683167, 0.11957890020745121, -0.0006938563959143899]",M00,R01,0.3968972810751044,8547595548c7e9503cf66bc93df839fe496b2da2be0d1e6c9601c135bad5dc13,saddle
0.6031118483474075,0.3016797755576879,0.3014320727897196,5.187815035010664,0.002774994820356369,False,57475ad9c3ddb03cf9ac834a3566f3114373fb9f11e1159a378891ea7f9db1b4,upstream_first,False,R02_M00,0.02377357240766287,61,"[-0.11589845578035118, 0.10907746646719652, 0.002046296793946402]",0.00018554651830122014,2,0.3014320727897196,"[-0.11584721295579493, 0.10912870929175277, 0.002217106209133914]",M00,R02,0.3968881516525925,3db0993e1fcba845b03ce994ad00bb9f3b649ce61cc54d83760ae74cf7486a38,saddle
0.6037203408338694,0.3022882680441497,0.3014320727897196,5.1878150350106615,0.002451363019645214,False,57475ad9c3ddb03cf9ac834a3566f3114373fb9f11e1159a378891ea7f9db1b4,upstream_first,False,R03_M00,0.021916482597589493,10,"[0.11959172517195907, -0.11788457989635763, 0.0005121435826804326]",4.643825808543089e-05,2,0.3014320727897196,"[0.11957890020745121, -0.11789740486086549, 0.0005548934643732923]",M00,R03,0.39627965916613067,f45a2d7724370deb1494340a43a7ca043668d6309af324233411da44d28eaf3d,saddle
0.600239981156266,0.3010667183599701,0.2991732627962959,5.188265566142562,0.0027399584650993347,False,57475ad9c3ddb03cf9ac834a3566f3114373fb9f11e1159a378891ea7f9db1b4,upstream_first,False,R04_M00,0.023018062114715576,33,"[0.04816322018140748, -0.02645054503662874, 0.002282346930455622]",0.00015930830490737546,2,0.29917326279629597,"[0.04813504731447353, -0.02645993599227339, 0.0024388628578664246]",M00,R04,0.39976001884373397,0d862504d8c52aacbdf3238cbea1b5c8f78f0157f0715210cc7245d342bea3d5,saddle
0.5999315570172621,0.3010667183599701,0.29886483865729196,5.189179704797381,0.002216087654232979,False,57475ad9c3ddb03cf9ac834a3566f3114373fb9f11e1159a378891ea7f9db1b4,upstream_first,False,R05_M00,0.022445489652454853,50,"[-0.040429627285854156, 0.04209406764582914, -0.0002995992647954977]",4.888581987827735e-05,2,0.29886483865729196,"[-0.04042109979254878, 0.042102595139134516, -0.00025222430198786186]",M00,R05,0.4000684429827379,5e379b9388df58baf42dfc85b756d3a772cd8a9ceb892b97e989c6b1fe330f93,saddle
0.6039637911178647,0.30253171832814507,0.3014320727897196,5.18871674929325,0.0028192903846502304,False,57475ad9c3ddb03cf9ac834a3566f3114373fb9f11e1159a378891ea7f9db1b4,upstream_first,False,R06_M00,0.022794811986386776,4,"[-0.00042386743302414223, -0.11788356665848869, -0.02093963795156516]",4.8237820122497534e-05,2,0.3014320727897196,"[-0.0004210997925487823, -0.11789740486086549, -0.02089351061030915]",M00,R06,0.3960362088821353,5c4db7bf256a855938ea7cb293af4939ddea1a64fe32f54512e30f5c55fd9f99,saddle
0.6033766539178425,0.3019445811281228,0.3014320727897196,5.188716749293261,0.002229536883533001,False,57475ad9c3ddb03cf9ac834a3566f3114373fb9f11e1159a378891ea7f9db1b4,upstream_first,False,R07_M00,0.022285095416009426,25,"[-0.11783777810681831, -0.022179348778797462, 0.019620572505317648]",0.0004448077075877676,2,0.3014320727897196,"[-0.1177101741010666, -0.022204869579947804, 0.02004591919115668]",M00,R07,0.3966233460821576,5b61b1eda1fce36e74802abbb034e4cddb0089fa20c4ba9ee19dc6f37e1f08f5,saddle
0.6127441173582112,0.23940679345981508,0.37333732389839613,5.034935513525552,0.002454121597111225,False,57475ad9c3ddb03cf9ac834a3566f3114373fb9f11e1159a378891ea7f9db1b4,upstream_first,False,R00_M01,0.022256149910390377,1,"[-0.09333333333333332, -0.10666666666666665, -0.004]",2.6020852139652106e-18,6,0.2974881921660843,"[-0.09333333333333332, -0.10666666666666665, -0.0039999999999999975]",M01,R00,0.4631050143741006,166dc3ef45ab1ea43b6595e0bd4192a78eecdd979ccfa5cbba3c5324cc28a288,saddle
0.6250951303475902,0.232980823945163,0.39211430640242717,5.145052936481633,0.002127263695001602,False,57475ad9c3ddb03cf9ac834a3566f3114373fb9f11e1159a378891ea7f9db1b4,upstream_first,False,R01_M01,0.02233770862221718,71,"[0.11746026832573009, 0.11959493695003783, -0.0006404005872923241]",5.806787150410782e-05,6,0.31192353941420176,"[0.1174763050683167, 0.11957890020745121, -0.0006938563959143899]",M01,R01,0.45509563664063524,fa5e579585124430df8d6dd3c0f0e4965b10bf460d84d3387e6d6c8d023608ab,saddle
0.6132468534873877,0.23903392345092733,0.3742129300364604,5.111576672566798,0.0025561098009347916,False,57475ad9c3ddb03cf9ac834a3566f3114373fb9f11e1159a378891ea7f9db1b4,upstream_first,False,R02_M01,0.023045995272696018,60,"[-0.11589845578035118, 0.10907746646719652, 0.0020462967939464047]",0.00018554651830121776,6,0.2980300669120327,"[-0.11584721295579493, 0.10912870929175277, 0.002217106209133914]",M01,R02,0.4629360096370399,88144df0f4b9443b81323eecb60938746b83c60b50c1232d7dc6a1d8c64b8b93,saddle
0.733074113613586,0.21730500224381052,0.5157691113697754,5.511019900991394,0.0025491388514637947,False,57475ad9c3ddb03cf9ac834a3566f3114373fb9f11e1159a378891ea7f9db1b4,upstream_first,False,R03_M01,0.023505319841206074,11,"[0.11959172517195907, -0.11788457989635763, 0.000512143582680432]",4.6438258085431496e-05,6,0.3932644659288345,"[0.11957890020745121, -0.11789740486086549, 0.0005548934643732923]",M01,R03,0.389430531827355,3aa28015eaea923a1a96e9aa3ae23c00183d86af85378d70e0e77574a88856cd,saddle
0.6931300593724685,0.23265439896059456,0.460475660411874,5.302462265738133,0.0016741929575800896,False,57475ad9c3ddb03cf9ac834a3566f3114373fb9f11e1159a378891ea7f9db1b4,upstream_first,False,R04_M01,0.01654512993991375,32,"[0.04816322018140747, -0.02645054503662874, 0.0022823469304556216]",0.00015930830490737464,6,0.35097871579891815,"[0.04813504731447353, -0.02645993599227339, 0.0024388628578664246]",M01,R04,0.41636688524048737,8275fdbba41d8d9be3778c5ee61cb30e72a46dea9f8163c932dba147c320a55e,saddle
0.6320358963802525,0.2543812879019022,0.3776546084783503,5.034197942422101,0.00166305061429739,False,57475ad9c3ddb03cf9ac834a3566f3114373fb9f11e1159a378891ea7f9db1b4,upstream_first,False,R05_M01,0.016189460642635822,51,"[-0.040429627285854156, 0.042094067645829146, -0.00029959926479549743]",4.888581987827588e-05,6,0.2966700944990638,"[-0.04042109979254878, 0.042102595139134516, -0.00025222430198786186]",M01,R05,0.448948617599034,c33ddb14e24b6a383cf99a08c5cace7b7614a60b9c0694e44c7c9b0b55587ada,saddle
0.6813135694309056,0.23148405318309873,0.4498295162478068,5.30313456974506,0.0017666006460785866,False,57475ad9c3ddb03cf9ac834a3566f3114373fb9f11e1159a378891ea7f9db1b4,upstream_first,False,R06_M01,0.017467943020164967,5,"[-0.00042386743302414256, -0.11788356665848869, -0.02093963795156516]",4.8237820122497555e-05,6,0.34742553606855103,"[-0.0004210997925487823, -0.11789740486086549, -0.02089351061030915]",M01,R06,0.4210904107483503,276a6161a6def44c1c48c5b5a4792441cfb33591fc0b96ac13653fe53bf19f35,saddle
0.6513789002289497,0.24484573973846216,0.4065331604904876,5.088927799892826,0.0016540363430976868,False,57475ad9c3ddb03cf9ac834a3566f3114373fb9f11e1159a378891ea7f9db1b4,upstream_first,False,R07_M01,0.015795220620930195,24,"[-0.11783777810681831, -0.022179348778797466, 0.019620572505317648]",0.0004448077075877674,6,0.31382371532982783,"[-0.1177101741010666, -0.022204869579947804, 0.02004591919115668]",M01,R07,0.44133054493171,f57ba1ad39d34df18f177a858758ef7a7a2f15d60dab85cedc22add54da72b98,saddle
0.5321987402674632,0.2777311558595062,0.25446758440795697,4.633565791155859,0.0016561802476644516,False,57475ad9c3ddb03cf9ac834a3566f3114373fb9f11e1159a378891ea7f9db1b4,upstream_first,False,R00_M02,0.014726764522492886,0,"[-0.09333333333333332, -0.10666666666666665, -0.003999999999999997]",8.673617379884035e-19,7,0.19928410148249903,"[-0.09333333333333332, -0.10666666666666665, -0.0039999999999999975]",M02,R00,0.5229847426579948,9fb5fd7710eb0c93c5779ecf9705f7f64b79276735f705c82eceef3f8e1099fb,saddle
0.5250255384647137,0.2869635045832077,0.23806203388150596,4.57506147776174,0.001575889065861702,False,57475ad9c3ddb03cf9ac834a3566f3114373fb9f11e1159a378891ea7f9db1b4,upstream_first,False,R01_M02,0.014920486137270927,71,"[0.11746026832573009, 0.11959493695003784, -0.0006404005872923243]",5.8067871504111456e-05,6,0.17841037298488766,"[0.1174763050683167, 0.11957890020745121, -0.0006938563959143899]",M02,R01,0.5346261224319048,cb5c5dd121c1da6b0ae69452e3324fdd7fe20d5aebfafd1cbce77b613aa2116b,saddle
0.5220785157439566,0.28855290467364314,0.23352561107031342,4.620801526741247,0.0017006844282150269,False,57475ad9c3ddb03cf9ac834a3566f3114373fb9f11e1159a378891ea7f9db1b4,upstream_first,False,R02_M02,0.015850494615733624,60,"[-0.11589845578035118, 0.10907746646719652, 0.0020462967939464047]",0.00018554651830121776,7,0.19669325083661704,"[-0.11584721295579493, 0.10912870929175277, 0.002217106209133914]",M02,R02,0.5147538444897398,4914df7016fbecfb2e8f1c517701686bd3c97705f861e43c27c07957f66d240a,saddle
0.5402671186100159,0.2836023792906182,0.25666473931939765,4.708447766331586,0.0020396849140524864,False,57475ad9c3ddb03cf9ac834a3566f3114373fb9f11e1159a378891ea7f9db1b4,upstream_first,False,R03_M02,0.015940153039991856,11,"[0.11959172517195907, -0.11788457989635763, 0.000512143582680432]",4.6438258085431496e-05,7,0.20506120172149192,"[0.11957890020745121, -0.11789740486086549, 0.0005548934643732923]",M02,R03,0.51133641898789,62652f7923517e9c812dad54a90c37fc9f07fc4cc4f8ba4ce2d559d6b821ac93,saddle
0.5445686895582387,0.28747957813871855,0.2570891114195201,4.656921268223856,0.0019775349646806717,False,57475ad9c3ddb03cf9ac834a3566f3114373fb9f11e1159a378891ea7f9db1b4,upstream_first,False,R04_M02,0.015762584283947945,33,"[0.04816322018140748, -0.02645054503662874, 0.002282346930455622]",0.00015930830490737546,7,0.1935104568526016,"[0.04813504731447353, -0.02645993599227339, 0.0024388628578664246]",M02,R04,0.5190099650086798,e433497a6d8e7e4fc31799fe59069277365807762d3c1056389b12766703cc11,saddle
0.5331612849055357,0.27894553652249104,0.25421574838304467,4.625395567080324,0.0017837118357419968,False,57475ad9c3ddb03cf9ac834a3566f3114373fb9f11e1159a378891ea7f9db1b4,upstream_first,False,R05_M02,0.017473923973739147,51,"[-0.040429627285854156, 0.042094067645829146, -0.00029959926479549743]",4.888581987827588e-05,7,0.1988460170717807,"[-0.04042109979254878, 0.042102595139134516, -0.00025222430198786186]",M02,R05,0.5222084464057284,abf3b4f8c7b767a169b4e8a39f41513d5ecbcde5b3ccb6289b4a8af553bbb1e6,saddle
0.559156630736297,0.27638231687765125,0.28277431385864576,4.721114788954375,0.0019655227661132812,False,57475ad9c3ddb03cf9ac834a3566f3114373fb9f11e1159a378891ea7f9db1b4,upstream_first,False,R06_M02,0.0166814299300313,4,"[-0.00042386743302414223, -0.11788356665848869, -0.02093963795156516]",4.8237820122497534e-05,7,0.2064320405412019,"[-0.0004210997925487823, -0.11789740486086549, -0.02089351061030915]",M02,R06,0.5171856425811469,649439d3e38b967ce06ba30b38e969a918d6240f373064c69140c76b349317f6,saddle
0.5307445810269684,0.2892406191013884,0.24150396192558,4.598997432285473,0.0017349058762192726,False,57475ad9c3ddb03cf9ac834a3566f3114373fb9f11e1159a378891ea7f9db1b4,upstream_first,False,R07_M02,0.016636310145258904,25,"[-0.11783777810681831, -0.022179348778797462, 0.019620572505317648]",0.0004448077075877676,6,0.1851210071077995,"[-0.1177101741010666, -0.022204869579947804, 0.02004591919115668]",M02,R07,0.5256383737908121,9739eaee7df4ec69b44f4f0f79d40dd6a8dcde1af4565abb103a3cbc68201237,saddle
0.5693641482462517,0.27434392960486953,0.2950202186413822,4.960293235067571,0.0016977079212665558,False,57475ad9c3ddb03cf9ac834a3566f3114373fb9f11e1159a378891ea7f9db1b4,upstream_first,False,R00_M03,0.018997148610651493,0,"[-0.09333333333333332, -0.10666666666666665, -0.003999999999999997]",8.673617379884035e-19,6,0.2630431344520836,"[-0.09333333333333332, -0.10666666666666665, -0.0039999999999999975]",M03,R00,0.46261293594304687,023071f9bf7bbb0bf40a3c57550ec3e0c686af9c90c3d82ac867333ca5fea5fd,saddle
0.47354586420713785,0.2460332045492026,0.2275126596579352,4.772541279666995,0.00160249974578619,False,57475ad9c3ddb03cf9ac834a3566f3114373fb9f11e1159a378891ea7f9db1b4,upstream_first,True,R01_M03,0.016551406122744083,71,"[0.11746026832573009, 0.11959493695003783, -0.0006404005872923241]",5.806787150410782e-05,4,0.20643438432665467,"[0.1174763050683167, 0.11957890020745121, -0.0006938563959143899]",M03,R01,0.5475324111241426,baa95da0c0d07e21687aea4b100d1c0dd64596d3e1a01a19735804626ae9d68c,saddle
0.5592802994363184,0.23230362608228636,0.3269766733540321,5.1198234491985355,0.001611853949725628,False,57475ad9c3ddb03cf9ac834a3566f3114373fb9f11e1159a378891ea7f9db1b4,upstream_first,False,R02_M03,0.01639791950583458,61,"[-0.11589845578035118, 0.10907746646719652, 0.002046296793946402]",0.00018554651830122014,7,0.28086692227650856,"[-0.11584721295579493, 0.10912870929175277, 0.002217106209133914]",M03,R02,0.4868294516412051,82dab3097e7b1787064c3a6d5bfbc861a4c9d63483ed5ebc5005de47afdcfe99,saddle
0.5661759113911873,0.23679703996225093,0.32937887142893635,5.083858552465959,0.0016437042504549026,False,57475ad9c3ddb03cf9ac834a3566f3114373fb9f11e1159a378891ea7f9db1b4,upstream_first,False,R03_M03,0.017115703783929348,11,"[0.11959172517195907, -0.11788457989635763, 0.000512143582680432]",4.6438258085431496e-05,7,0.2761961511452095,"[0.11957890020745121, -0.11789740486086549, 0.0005548934643732923]",M03,R03,0.4870068088925396,472b121b77731f87dfa045f84bd0347acba002bf64d259dd0a075f939dfba78e,saddle
0.5494973127630518,0.2436970499764488,0.30580026278660294,4.990706310359631,0.001691192388534546,False,57475ad9c3ddb03cf9ac834a3566f3114373fb9f11e1159a378891ea7f9db1b4,upstream_first,False,R04_M03,0.01723393891006708,33,"[0.04816322018140748, -0.02645054503662874, 0.002282346930455622]",0.00015930830490737546,7,0.25736644703189365,"[0.04813504731447353, -0.02645993599227339, 0.0024388628578664246]",M03,R04,0.49893650299165754,f870be173a13a470399be7bb37ce8c73e4c5e429c6507b6e9f98b8ea8a15ccd7,saddle
0.5469025893241437,0.24583897912413072,0.30106361020001293,5.018888716924721,0.001641949638724327,False,57475ad9c3ddb03cf9ac834a3566f3114373fb9f11e1159a378891ea7f9db1b4,upstream_first,False,R05_M03,0.016547005623579025,51,"[-0.040429627285854156, 0.042094067645829146, -0.00029959926479549743]",4.888581987827588e-05,7,0.2631235384898368,"[-0.04042109979254878, 0.042102595139134516, -0.00025222430198786186]",M03,R05,0.49103748238603245,1c9965e468dc303b41c4060a1417c57d07957c94282a15934905db785585468b,saddle
0.5798486154041345,0.25931939252938885,0.32052922287474556,5.065885034918739,0.0016142688691616058,False,57475ad9c3ddb03cf9ac834a3566f3114373fb9f11e1159a378891ea7f9db1b4,upstream_first,False,R06_M03,0.0160303870216012,4,"[-0.00042386743302414223, -0.11788356665848869, -0.02093963795156516]",4.8237820122497534e-05,7,0.277095783169024,"[-0.0004210997925487823, -0.11789740486086549, -0.02089351061030915]",M03,R06,0.46358482430158715,7dcfe1917390eaca3ba78c711a7cc95f42a663fa824913d04950cbb41c8ec990,saddle
0.5193036727850582,0.2634557873190057,0.2558478854660525,4.863569337610368,0.0015809927135705948,False,57475ad9c3ddb03cf9ac834a3566f3114373fb9f11e1159a378891ea7f9db1b4,upstream_first,False,R07_M03,0.01606525108218193,25,"[-0.11783777810681831, -0.022179348778797462, 0.019620572505317648]",0.0004448077075877676,7,0.22747957384089476,"[-0.1177101741010666, -0.022204869579947804, 0.02004591919115668]",M03,R07,0.5090646388400996,81982ae216925d608bdd5016d09b0eec0d1a68799453df0ea146987821a42c01,saddle
