A_window,E_NUC0,E_miss0,E_rep0,L_G0,L_q0,L_surface0,absolute_joint_margin0,anisotropy_level,baseline_reconstruction_error,joint_margin0,min_sigma0,placement_id,q_sample_count0,surface_id,window_id
1.2600495997440384,0.9976325449856752,0.9955910297074412,0.0020415152782340008,0.2814820548830441,0.29116935690982326,0.047221554649235484,1.9045420999580989,P_high,0.0,0.1515585315705954,0.5854500726421165,T33,25,hemisphere,hemisphere_P_high_W00
2.646570074698261,0.9936080951159177,0.992774368391907,0.0008337267240107142,0.24039411758271537,0.265902742375673,0.046695192286768585,2.237841272182615,P_high,0.0,0.17815914251850593,0.6793455756724938,T33,25,hemisphere,hemisphere_P_high_W01
2.6370000560350975,0.993128015974775,0.993128015974775,0.0,0.25942931641678985,0.2728988483721846,0.046895279869245146,1.7761434563940621,P_high,0.0,0.1938119613633635,0.6675831868573664,T33,25,hemisphere,hemisphere_P_high_W02
1.194174524939791,0.9976325449856752,0.9955910297074412,0.002041515278234001,0.49283653455851634,0.5887069300569967,0.047221554649235456,1.6298695385162436,P_high,0.0,0.2012667893489455,0.5743146232703965,T33,25,hemisphere,hemisphere_P_high_W03
1.2521510865084295,0.99733418627566,0.99563947852366,0.0016947077520000245,0.521186059492949,0.6025900820350198,0.04852586982151049,1.592661923495375,P_high,0.0,0.19745104841445493,0.5914497740990833,T33,27,hemisphere,hemisphere_P_high_W04
0.9600234533298246,0.9936795512658346,0.9936795512658346,0.0,0.5584041022616645,0.6074055984932829,0.04746786887098048,1.1393848495149372,P_high,0.0,0.18134407918429685,0.5581539558003847,T33,26,hemisphere,hemisphere_P_high_W05
0.43718279996058707,0.9957755399829825,0.995132645407887,0.000642894575095525,0.5233017702279027,0.593174070629981,0.047178380016081614,1.0612649883959913,P_high,0.0,0.16891055043705097,0.6216180198845163,T33,26,hemisphere,hemisphere_P_high_W06
0.7041336162375511,0.9968980253568458,0.9955764899673795,0.001321535389466336,0.6305659402634868,0.6926804940237851,0.049534456837117914,0.6523018970121672,P_high,0.0,0.1038201332185528,0.4865908150140858,T33,27,hemisphere,hemisphere_P_high_W07
1.0193021172495527,0.9935848752759462,0.9935848752759462,0.0,0.49539561318855957,0.5206880771722411,0.04800248872226006,1.129741661014671,P_high,0.0,0.14819279734617788,0.5191552533998949,T33,27,hemisphere,hemisphere_P_high_W08
1.298018174356135,0.9930728541052197,0.9930728541052197,0.0,0.4718077051090535,0.4930397646360869,0.04783016136060835,1.4462787190325106,P_high,0.0,0.15033183625108487,0.570393704982447,T33,27,hemisphere,hemisphere_P_high_W09
0.4027569377565369,0.9976325449856752,0.9955910297074412,0.0020415152782340008,0.25441815936704487,0.25783405623695943,0.04722155464923542,2.1772067036241807,P_low,0.0,0.25629668147895573,1.058844240830019,T30,25,hemisphere,hemisphere_P_low_W00
1.91440924652035,0.9936080951159177,0.992774368391907,0.0008337267240107142,0.27912621014726857,0.3030562795343059,0.046695192286768564,1.9487410009407324,P_low,0.0,0.2640725927048137,1.0598429190448218,T30,25,hemisphere,hemisphere_P_low_W01
1.4104072159047818,0.993128015974775,0.993128015974775,0.0,0.30929843208432084,0.32293157490056557,0.0468952798692452,1.4848349427977323,P_low,0.0,0.23632579067288434,0.8708518563601764,T30,25,hemisphere,hemisphere_P_low_W02
0.48419768150365966,0.9976325449856752,0.9955910297074412,0.002041515278234001,0.33037085606254213,0.4948402952914511,0.047221554649235595,1.3324740835855895,P_low,0.0,0.21207609160999355,0.7176204276157885,T30,25,hemisphere,hemisphere_P_low_W03
0.37572323795469814,0.99733418627566,0.99563947852366,0.0016947077520000245,0.3347795007784404,0.47154564573508867,0.048525869821510526,1.3067658557769752,P_low,0.0,0.20798437940107833,0.7769589545564974,T30,27,hemisphere,hemisphere_P_low_W04
0.5028736633039205,0.9936795512658346,0.9936795512658346,0.0,0.3618949192947837,0.4452204484307422,0.04746786887098051,0.9295391324442019,P_low,0.0,0.14794511100496607,0.6977379621560936,T30,26,hemisphere,hemisphere_P_low_W05
0.8376568011982156,0.9957755399829825,0.995132645407887,0.000642894575095525,0.42967353825796223,0.5033426792577412,0.047178380016081545,0.9078143619821772,P_low,0.0,0.14448740442180125,0.7724069405668791,T30,26,hemisphere,hemisphere_P_low_W06
1.0434204987576607,0.9968980253568458,0.9955764899673795,0.001321535389466336,0.6937130372849942,0.7370880411316063,0.049534456837117886,0.5663887974241133,P_low,0.0,0.09014623546460501,0.5269783548149777,T30,27,hemisphere,hemisphere_P_low_W07
0.26574435801766505,0.9935848752759462,0.9935848752759462,0.0,0.38905771863404476,0.43130677381864885,0.04800248872226003,1.1570389201131503,P_low,0.0,0.1841538946543292,0.6513913137996061,T30,27,hemisphere,hemisphere_P_low_W08
0.3661888070767276,0.9930728541052197,0.9930728541052197,0.0,0.3310686611861949,0.36323004145393906,0.04783016136060836,1.4485522737077132,P_low,0.0,0.230551054226916,0.8958725313360815,T30,27,hemisphere,hemisphere_P_low_W09
0.9102281803553395,0.9976325449856752,0.9955910297074412,0.0020415152782340008,0.250151501037546,0.24767738664021188,0.047221554649235505,2.1850468223404502,P_mid,0.0,0.3477712593252348,0.7517985704497259,T27,25,hemisphere,hemisphere_P_mid_W00
2.4308963074305767,0.9936080951159177,0.992774368391907,0.0008337267240107142,0.24940154024657565,0.27444265807663637,0.04669519228676878,2.0848787688619206,P_mid,0.0,0.3254360550648806,0.6663234382700965,T27,25,hemisphere,hemisphere_P_mid_W01
2.783961752868549,0.993128015974775,0.993128015974775,0.0,0.3138792401930141,0.3288975591954704,0.04689527986924526,1.603111048040289,P_mid,0.0,0.25515057266278673,0.37195656667848076,T27,25,hemisphere,hemisphere_P_mid_W02
2.131243508080895,0.9976325449856752,0.9955910297074412,0.002041515278234001,0.8496242366001824,1.154634484423539,0.04722155464923569,1.392418688058595,P_mid,0.0,0.2216168531049809,0.3172386405219124,T27,25,hemisphere,hemisphere_P_mid_W03
1.5979188159299667,0.99733418627566,0.99563947852366,0.0016947077520000245,0.6321878157788641,0.8026627219868667,0.04852586982151051,1.4098404598239735,P_mid,0.0,0.22438969597707678,0.45977119983830944,T27,27,hemisphere,hemisphere_P_mid_W04
0.5758914428862304,0.9936795512658346,0.9936795512658346,0.0,0.5458794104444752,0.6001178689960485,0.0474678688709805,1.0993084409292782,P_mid,0.0,0.1749655325368897,0.6244154157366328,T27,26,hemisphere,hemisphere_P_mid_W05
0.17886662149607577,0.9957755399829825,0.995132645407887,0.000642894575095525,0.49476049915512366,0.5318214259490881,0.047178380016081614,1.0700958830037943,P_mid,0.0,0.1703160724182388,0.6830788492262143,T27,26,hemisphere,hemisphere_P_mid_W06
1.0149209894650526,0.9968980253568458,0.9955764899673795,0.001321535389466336,0.6139803701446631,0.6298206676492579,0.04953445683711794,0.6324847654131154,P_mid,0.0,0.10066604574456714,0.47741215319063124,T27,27,hemisphere,hemisphere_P_mid_W07
1.040916046764795,0.9935848752759462,0.9935848752759462,0.0,0.4003752400684957,0.458285246444086,0.04800248872225997,1.2783003779503583,P_mid,0.0,0.20345382427985967,0.5661041480536562,T27,27,hemisphere,hemisphere_P_mid_W08
1.1475956868429078,0.9930728541052197,0.9930728541052197,0.0,0.3791053118751804,0.3992475457729036,0.04783016136060841,1.5698958834355534,P_mid,0.0,0.20655236769853907,0.6793872837854112,T27,27,hemisphere,hemisphere_P_mid_W09
1.9051164257528248,0.9932187441162591,0.9920332306352807,0.00118551348097842,0.13614502017406813,0.16613037814745343,0.04904004029692826,1.1445390724858653,P_high,0.0,0.09107945744803717,0.971606758235575,T10,27,saddle,saddle_P_high_W00
1.0230467449379124,0.9876576300158606,0.9876576300158606,0.0,0.14087062207421633,0.147650457284491,0.0468101581140737,1.367597565349377,P_high,0.0,0.10882987505943453,0.8850530010156977,T10,25,saddle,saddle_P_high_W01
1.176626667271437,0.9858487976857729,0.9858487976857729,0.0,0.15343195487447842,0.15816017372941385,0.04816480038405495,1.4223072892793676,P_high,0.0,0.1131835333070755,0.8725099218322305,T10,26,saddle,saddle_P_high_W02
1.8409801022007968,0.9921670141597018,0.990422907158716,0.0017441070009858093,0.19647699820221126,0.2078711763027938,0.04745132947362692,1.2256808946758166,P_high,0.0,0.09753651367186227,0.9838821828505696,T10,27,saddle,saddle_P_high_W03
0.6926979450753279,0.988524942139395,0.988222966932537,0.0003019752068580255,0.13204644495428894,0.13390184691117954,0.04816421901077504,1.6305947525472728,P_high,0.0,0.12975851060904356,0.74244364068826,T10,26,saddle,saddle_P_high_W04
1.6013407452602741,0.9868359968783824,0.9868359968783824,0.0,0.15452825000742199,0.16058093920720365,0.0492231672477149,1.4341468633470447,P_high,0.0,0.11412569597187452,0.9013516924245791,T10,27,saddle,saddle_P_high_W05
2.489357443324986,0.986348510741967,0.9860578010341929,0.00029070970777415336,0.1348683826439406,0.1414090251979389,0.04639454254829031,1.471254607689331,P_high,0.0,0.11707863423590015,0.7961584692853454,T10,25,saddle,saddle_P_high_W06
2.273234992131799,0.9864833820339661,0.9864833820339661,0.0,0.17491711950893385,0.1937864905031788,0.04988796696232318,1.383659327807206,P_high,0.0,0.1101080285497658,0.7470501671124065,T10,27,saddle,saddle_P_high_W07
1.5247420644783034,0.9863783708427762,0.9863783708427762,0.0,0.1896024302512115,0.20510069984382492,0.04833539204434844,1.1814011105928017,P_high,0.0,0.09401284304571417,0.9479296332243635,T10,27,saddle,saddle_P_high_W08
1.9188617851420526,0.9891587423483825,0.9891587423483825,0.0,0.179744203714212,0.20490482538517601,0.04915920156702293,1.0968997578732935,P_high,0.0,0.08728844407643996,0.9338323877661007,T10,27,saddle,saddle_P_high_W09
0.9043722755995424,0.9932187441162591,0.9920332306352807,0.00118551348097842,0.13845280969401952,0.1627289475444313,0.049040040296928405,1.1621252727827844,P_low,0.0,0.09247892175652689,0.6998427461263814,T17,27,saddle,saddle_P_low_W00
0.31648134842602393,0.9876576300158606,0.9876576300158606,0.0,0.18934021744247923,0.21177389158290127,0.04681015811407375,1.2909945793110658,P_low,0.0,0.1151685732449433,0.7582479249695921,T17,25,saddle,saddle_P_low_W01
0.2190112978445507,0.9858487976857729,0.9858487976857729,0.0,0.20094906908099597,0.22479119883917295,0.048164800384054914,1.329861426928038,P_low,0.0,0.11992893690123577,0.7480518951182208,T17,26,saddle,saddle_P_low_W02
0.9218887326769825,0.9921670141597018,0.990422907158716,0.0017441070009858093,0.17408230645487133,0.18362371324185242,0.04745132947362691,1.217987484690168,P_low,0.0,0.09692429201489752,0.7055495554901376,T17,27,saddle,saddle_P_low_W03
0.5542512786940833,0.988524942139395,0.988222966932537,0.0003019752068580255,0.14273683700078413,0.1618828982879799,0.04816421901077516,1.4862495864849508,P_low,0.0,0.13592780118442294,0.7350489770401544,T17,26,saddle,saddle_P_low_W04
0.10714646040092646,0.9868359968783824,0.9868359968783824,0.0,0.20408527542380014,0.23416749876206658,0.049223167247714895,1.4093645857808161,P_low,0.0,0.11710906195268808,0.687004879472587,T17,27,saddle,saddle_P_low_W05
1.0174078422826682,0.986348510741967,0.9860578010341929,0.00029070970777415336,0.1368668892629882,0.16899737176774177,0.04639454254829027,1.419477636662327,P_low,0.0,0.11295835687463907,0.6277823629239384,T17,25,saddle,saddle_P_low_W06
0.22723849546985903,0.9864833820339661,0.9864833820339661,0.0,0.1978294456631968,0.23451524307535848,0.049887966962323164,1.2247856438847764,P_low,0.0,0.0974652719307212,0.6193849363675556,T17,27,saddle,saddle_P_low_W07
0.907990530337346,0.9863783708427762,0.9863783708427762,0.0,0.17654229677077105,0.19473403994726854,0.04833539204434835,1.1253515528694908,P_low,0.0,0.08955256429214227,0.690885987320492,T17,27,saddle,saddle_P_low_W08
0.8041776415768015,0.9891587423483825,0.9891587423483825,0.0,0.1561351599285961,0.17959784703879422,0.04915920156702288,1.1031353686550078,P_low,0.0,0.08778465784537852,0.6879336773759819,T17,27,saddle,saddle_P_low_W09
1.4966837053837045,0.9932187441162591,0.9920332306352807,0.00118551348097842,0.14121767647599034,0.1691451124149838,0.04904004029692822,0.9774170712093069,P_mid,0.0,0.077780321079683,0.9238665518014387,T21,27,saddle,saddle_P_mid_W00
0.6150911922244532,0.9876576300158606,0.9876576300158606,0.0,0.1402582000949778,0.14884223072967273,0.04681015811407373,1.2302117089119298,P_mid,0.0,0.0978970641435266,0.9342723920401035,T21,25,saddle,saddle_P_mid_W01
0.7255187844285497,0.9858487976857729,0.9858487976857729,0.0,0.148718610499477,0.155204380671469,0.04816480038405493,1.2812621362065117,P_mid,0.0,0.10195952503477626,0.9425036532607383,T21,26,saddle,saddle_P_mid_W02
1.486646227150951,0.9921670141597018,0.990422907158716,0.0017441070009858093,0.17749122946754034,0.1915642403942996,0.047451329473626847,1.064887732724129,P_mid,0.0,0.08474100995864593,0.9361942761489914,T21,27,saddle,saddle_P_mid_W03
0.8283381104265011,0.988524942139395,0.988222966932537,0.0003019752068580255,0.14860016153665578,0.15368828225942885,0.04816421901077509,1.4827200314936944,P_mid,0.0,0.11799102299100411,0.7914448197422833,T21,26,saddle,saddle_P_mid_W04
1.2082725369230118,0.9868359968783824,0.9868359968783824,0.0,0.1709853426429884,0.17654412524834331,0.04922316724771494,1.2832103701762732,P_mid,0.0,0.10211456045227608,1.0041484256249082,T21,27,saddle,saddle_P_mid_W05
2.153511098662925,0.986348510741967,0.9860578010341929,0.00029070970777415336,0.16909277945731307,0.1725781613732163,0.04639454254829021,1.3114579375753372,P_mid,0.0,0.10436242876431695,0.849221111066726,T21,25,saddle,saddle_P_mid_W06
1.9723827826719926,0.9864833820339661,0.9864833820339661,0.0,0.1868817291181795,0.2034911772256202,0.049887966962323095,1.2197498454471543,P_mid,0.0,0.09706453612314399,0.8370942353738707,T21,27,saddle,saddle_P_mid_W07
1.2890995626792514,0.9863783708427762,0.9863783708427762,0.0,0.1888599511496305,0.20417119529722194,0.04833539204434844,1.0115461070023155,P_mid,0.0,0.08049622142592501,0.9289182609835285,T21,27,saddle,saddle_P_mid_W08
1.4779279871346267,0.9891587423483825,0.9891587423483825,0.0,0.18933782253741033,0.20947621438573782,0.04915920156702301,0.9192631477420932,P_mid,0.0,0.07315258234607684,0.920932651809882,T21,27,saddle,saddle_P_mid_W09
